-- phpMyAdmin SQL Dump
-- version 5.0.4
-- https://www.phpmyadmin.net/
--
-- Hôte : localhost
-- Généré le : mer. 25 mai 2022 à 18:58
-- Version du serveur :  10.4.16-MariaDB
-- Version de PHP : 7.4.12

SET SQL_MODE = "NO_AUTO_VALUE_ON_ZERO";
START TRANSACTION;
SET time_zone = "+00:00";


/*!40101 SET @OLD_CHARACTER_SET_CLIENT=@@CHARACTER_SET_CLIENT */;
/*!40101 SET @OLD_CHARACTER_SET_RESULTS=@@CHARACTER_SET_RESULTS */;
/*!40101 SET @OLD_COLLATION_CONNECTION=@@COLLATION_CONNECTION */;
/*!40101 SET NAMES utf8mb4 */;

--
-- Base de données : `projet_fin_ispt`
--

-- --------------------------------------------------------

--
-- Structure de la table `affectation_frais`
--

CREATE TABLE `affectation_frais` (
  `id` int(11) NOT NULL,
  `matricule` varchar(20) NOT NULL,
  `id_frais` int(11) NOT NULL,
  `promotion` varchar(20) NOT NULL,
  `id_section` int(11) NOT NULL,
  `id_departement` int(11) NOT NULL,
  `id_option` int(11) NOT NULL,
  `id_annee` int(11) NOT NULL
) ENGINE=InnoDB DEFAULT CHARSET=utf8;

--
-- Déchargement des données de la table `affectation_frais`
--

INSERT INTO `affectation_frais` (`id`, `matricule`, `id_frais`, `promotion`, `id_section`, `id_departement`, `id_option`, `id_annee`) VALUES
(1, '3698', 1, 'G3', 1, 1, 10, 1),
(2, '3698', 2, 'G3', 1, 1, 10, 1),
(3, '3698', 3, 'G3', 1, 1, 10, 1),
(4, '3698', 4, 'G3', 1, 1, 10, 1),
(5, '3698', 5, 'G3', 1, 1, 10, 1),
(6, '3698', 7, 'G3', 1, 1, 10, 1),
(7, '3698', 8, 'G3', 1, 1, 10, 1),
(8, '3698', 9, 'G3', 1, 1, 10, 1),
(9, '3698', 10, 'G3', 1, 1, 10, 1),
(10, '3698', 11, 'G3', 1, 1, 10, 1),
(11, '3698', 12, 'G3', 1, 1, 10, 1),
(12, '3698', 13, 'G3', 1, 1, 10, 1),
(13, '3699', 2, 'G3', 1, 1, 10, 1),
(14, '3699', 3, 'G3', 1, 1, 10, 1),
(15, '3699', 4, 'G3', 1, 1, 10, 1),
(16, '3699', 5, 'G3', 1, 1, 10, 1),
(17, '3699', 6, 'G3', 1, 1, 10, 1),
(18, '3699', 7, 'G3', 1, 1, 10, 1),
(19, '3699', 8, 'G3', 1, 1, 10, 1),
(20, '3699', 9, 'G3', 1, 1, 10, 1),
(21, '3699', 10, 'G3', 1, 1, 10, 1),
(22, '3699', 11, 'G3', 1, 1, 10, 1),
(23, '3699', 12, 'G3', 1, 1, 10, 1),
(24, '3699', 13, 'G3', 1, 1, 10, 1),
(25, '3606', 6, 'G3', 1, 1, 10, 1),
(26, '3606', 7, 'G3', 1, 1, 10, 1),
(27, '3606', 8, 'G3', 1, 1, 10, 1),
(28, '3606', 9, 'G3', 1, 1, 10, 1),
(29, '3606', 10, 'G3', 1, 1, 10, 1),
(30, '3606', 11, 'G3', 1, 1, 10, 1),
(31, '3606', 13, 'G3', 1, 1, 10, 1),
(32, '3601', 6, 'G3', 1, 1, 10, 1),
(33, '3601', 7, 'G3', 1, 1, 10, 1),
(34, '3601', 8, 'G3', 1, 1, 10, 1),
(35, '3601', 9, 'G3', 1, 1, 10, 1),
(36, '3601', 11, 'G3', 1, 1, 10, 1),
(37, '3601', 12, 'G3', 1, 1, 10, 1),
(38, '3601', 13, 'G3', 1, 1, 10, 1),
(39, '3607', 14, 'L1 A', 1, 1, 11, 1),
(40, '3607', 15, 'L1 A', 1, 1, 11, 1),
(41, '3607', 16, 'L1 A', 1, 1, 11, 1),
(42, '3607', 17, 'L1 A', 1, 1, 11, 1),
(43, '3607', 19, 'L1 A', 1, 1, 11, 1),
(44, '3607', 20, 'L1 A', 1, 1, 11, 1),
(45, '3607', 21, 'L1 A', 1, 1, 11, 1),
(46, '3607', 22, 'L1 A', 1, 1, 11, 1),
(47, '3607', 23, 'L1 A', 1, 1, 11, 1),
(48, '3607', 24, 'L1 A', 1, 1, 11, 1),
(49, '3607', 25, 'L1 A', 1, 1, 11, 1),
(50, '3607', 26, 'L1 A', 1, 1, 11, 1),
(51, '3608', 14, 'L1 A', 1, 1, 11, 1),
(52, '3608', 15, 'L1 A', 1, 1, 11, 1),
(53, '3608', 16, 'L1 A', 1, 1, 11, 1),
(54, '3608', 17, 'L1 A', 1, 1, 11, 1),
(55, '3608', 18, 'L1 A', 1, 1, 11, 1),
(56, '3608', 21, 'L1 A', 1, 1, 11, 1),
(57, '3608', 22, 'L1 A', 1, 1, 11, 1),
(58, '3608', 23, 'L1 A', 1, 1, 11, 1),
(59, '3608', 24, 'L1 A', 1, 1, 11, 1),
(60, '3608', 25, 'L1 A', 1, 1, 11, 1),
(61, '3608', 26, 'L1 A', 1, 1, 11, 1),
(62, '3609', 14, 'L1 A', 1, 1, 11, 1),
(63, '3609', 15, 'L1 A', 1, 1, 11, 1),
(64, '3609', 16, 'L1 A', 1, 1, 11, 1),
(65, '3609', 17, 'L1 A', 1, 1, 11, 1),
(66, '3609', 18, 'L1 A', 1, 1, 11, 1),
(67, '3609', 20, 'L1 A', 1, 1, 11, 1),
(68, '3609', 21, 'L1 A', 1, 1, 11, 1),
(69, '3609', 22, 'L1 A', 1, 1, 11, 1),
(70, '3609', 23, 'L1 A', 1, 1, 11, 1),
(71, '3609', 24, 'L1 A', 1, 1, 11, 1),
(72, '3610', 14, 'L1 A', 1, 1, 11, 1),
(73, '3610', 15, 'L1 A', 1, 1, 11, 1),
(74, '3610', 16, 'L1 A', 1, 1, 11, 1),
(75, '3610', 17, 'L1 A', 1, 1, 11, 1),
(76, '3610', 18, 'L1 A', 1, 1, 11, 1),
(77, '3610', 20, 'L1 A', 1, 1, 11, 1),
(78, '3610', 21, 'L1 A', 1, 1, 11, 1),
(79, '3610', 22, 'L1 A', 1, 1, 11, 1),
(80, '3610', 23, 'L1 A', 1, 1, 11, 1),
(81, '3610', 24, 'L1 A', 1, 1, 11, 1),
(82, '3610', 25, 'L1 A', 1, 1, 11, 1),
(83, '3631', 27, 'G2', 1, 1, 13, 1),
(84, '3631', 28, 'G2', 1, 1, 13, 1),
(85, '3631', 29, 'G2', 1, 1, 13, 1),
(86, '3631', 30, 'G2', 1, 1, 13, 1),
(87, '3631', 33, 'G2', 1, 1, 13, 1),
(88, '3631', 34, 'G2', 1, 1, 13, 1),
(89, '3631', 35, 'G2', 1, 1, 13, 1),
(90, '3631', 36, 'G2', 1, 1, 13, 1),
(91, '3631', 37, 'G2', 1, 1, 13, 1),
(92, '3631', 38, 'G2', 1, 1, 13, 1),
(93, '3631', 39, 'G2', 1, 1, 13, 1),
(94, '3632', 27, 'G2', 1, 1, 13, 1),
(95, '3632', 28, 'G2', 1, 1, 13, 1),
(96, '3632', 29, 'G2', 1, 1, 13, 1),
(97, '3632', 30, 'G2', 1, 1, 13, 1),
(98, '3632', 33, 'G2', 1, 1, 13, 1),
(99, '3632', 34, 'G2', 1, 1, 13, 1),
(100, '3632', 35, 'G2', 1, 1, 13, 1),
(101, '3632', 36, 'G2', 1, 1, 13, 1),
(102, '3632', 37, 'G2', 1, 1, 13, 1),
(103, '3632', 38, 'G2', 1, 1, 13, 1),
(104, '3632', 39, 'G2', 1, 1, 13, 1),
(105, '3633', 27, 'G2', 1, 1, 13, 1),
(106, '3633', 28, 'G2', 1, 1, 13, 1),
(107, '3633', 29, 'G2', 1, 1, 13, 1),
(108, '3633', 30, 'G2', 1, 1, 13, 1),
(109, '3633', 32, 'G2', 1, 1, 13, 1),
(110, '3633', 33, 'G2', 1, 1, 13, 1),
(111, '3633', 34, 'G2', 1, 1, 13, 1),
(112, '3633', 35, 'G2', 1, 1, 13, 1),
(113, '3633', 36, 'G2', 1, 1, 13, 1),
(114, '3633', 37, 'G2', 1, 1, 13, 1),
(115, '3633', 38, 'G2', 1, 1, 13, 1),
(116, '3634', 27, 'G2', 1, 1, 13, 1),
(117, '3634', 28, 'G2', 1, 1, 13, 1),
(118, '3634', 29, 'G2', 1, 1, 13, 1),
(119, '3634', 30, 'G2', 1, 1, 13, 1),
(120, '3634', 33, 'G2', 1, 1, 13, 1),
(121, '3634', 34, 'G2', 1, 1, 13, 1),
(122, '3634', 35, 'G2', 1, 1, 13, 1),
(123, '3634', 36, 'G2', 1, 1, 13, 1),
(124, '3634', 37, 'G2', 1, 1, 13, 1),
(125, '3634', 38, 'G2', 1, 1, 13, 1),
(126, '3634', 39, 'G2', 1, 1, 13, 1),
(127, '3635', 27, 'G2', 1, 1, 13, 1),
(128, '3635', 28, 'G2', 1, 1, 13, 1),
(129, '3635', 29, 'G2', 1, 1, 13, 1),
(130, '3635', 30, 'G2', 1, 1, 13, 1),
(131, '3635', 32, 'G2', 1, 1, 13, 1),
(132, '3635', 33, 'G2', 1, 1, 13, 1),
(133, '3635', 34, 'G2', 1, 1, 13, 1),
(134, '3635', 35, 'G2', 1, 1, 13, 1),
(135, '3635', 36, 'G2', 1, 1, 13, 1),
(136, '3635', 37, 'G2', 1, 1, 13, 1),
(137, '3635', 38, 'G2', 1, 1, 13, 1),
(138, '3635', 39, 'G2', 1, 1, 13, 1),
(139, '3636', 27, 'G2', 1, 1, 13, 1),
(140, '3636', 28, 'G2', 1, 1, 13, 1),
(141, '3636', 29, 'G2', 1, 1, 13, 1),
(142, '3636', 30, 'G2', 1, 1, 13, 1),
(143, '3636', 31, 'G2', 1, 1, 13, 1),
(144, '3636', 33, 'G2', 1, 1, 13, 1),
(145, '3636', 34, 'G2', 1, 1, 13, 1),
(146, '3636', 35, 'G2', 1, 1, 13, 1),
(147, '3636', 36, 'G2', 1, 1, 13, 1),
(148, '3636', 37, 'G2', 1, 1, 13, 1),
(149, '3636', 38, 'G2', 1, 1, 13, 1),
(150, '3636', 39, 'G2', 1, 1, 13, 1),
(151, '3637', 40, 'G3', 1, 1, 15, 1),
(152, '3637', 41, 'G3', 1, 1, 15, 1),
(153, '3637', 42, 'G3', 1, 1, 15, 1),
(154, '3637', 43, 'G3', 1, 1, 15, 1),
(155, '3637', 44, 'G3', 1, 1, 15, 1),
(156, '3637', 45, 'G3', 1, 1, 15, 1),
(157, '3637', 46, 'G3', 1, 1, 15, 1),
(158, '3637', 47, 'G3', 1, 1, 15, 1),
(159, '3637', 48, 'G3', 1, 1, 15, 1),
(160, '3637', 49, 'G3', 1, 1, 15, 1),
(161, '3637', 50, 'G3', 1, 1, 15, 1),
(162, '3637', 51, 'G3', 1, 1, 15, 1),
(163, '3638', 40, 'G3', 1, 1, 15, 1),
(164, '3638', 41, 'G3', 1, 1, 15, 1),
(165, '3638', 42, 'G3', 1, 1, 15, 1),
(166, '3638', 43, 'G3', 1, 1, 15, 1),
(167, '3638', 46, 'G3', 1, 1, 15, 1),
(168, '3638', 47, 'G3', 1, 1, 15, 1),
(169, '3638', 48, 'G3', 1, 1, 15, 1),
(170, '3638', 49, 'G3', 1, 1, 15, 1),
(171, '3638', 50, 'G3', 1, 1, 15, 1),
(172, '3638', 52, 'G3', 1, 1, 15, 1),
(173, '3639', 40, 'G3', 1, 1, 15, 1),
(174, '3639', 41, 'G3', 1, 1, 15, 1),
(175, '3639', 42, 'G3', 1, 1, 15, 1),
(176, '3639', 43, 'G3', 1, 1, 15, 1),
(177, '3639', 44, 'G3', 1, 1, 15, 1),
(178, '3639', 45, 'G3', 1, 1, 15, 1),
(179, '3639', 46, 'G3', 1, 1, 15, 1),
(180, '3639', 47, 'G3', 1, 1, 15, 1),
(181, '3639', 48, 'G3', 1, 1, 15, 1),
(182, '3639', 49, 'G3', 1, 1, 15, 1),
(183, '3639', 50, 'G3', 1, 1, 15, 1),
(184, '3639', 51, 'G3', 1, 1, 15, 1),
(185, '3639', 52, 'G3', 1, 1, 15, 1),
(186, '3640', 40, 'G3', 1, 1, 15, 1),
(187, '3640', 41, 'G3', 1, 1, 15, 1),
(188, '3640', 42, 'G3', 1, 1, 15, 1),
(189, '3640', 43, 'G3', 1, 1, 15, 1),
(190, '3640', 46, 'G3', 1, 1, 15, 1),
(191, '3640', 47, 'G3', 1, 1, 15, 1),
(192, '3640', 48, 'G3', 1, 1, 15, 1),
(193, '3640', 49, 'G3', 1, 1, 15, 1),
(194, '3640', 50, 'G3', 1, 1, 15, 1),
(195, '3640', 51, 'G3', 1, 1, 15, 1),
(196, '3640', 52, 'G3', 1, 1, 15, 1),
(197, '3644', 53, 'L1 A', 1, 1, 16, 1),
(198, '3644', 54, 'L1 A', 1, 1, 16, 1),
(199, '3644', 55, 'L1 A', 1, 1, 16, 1),
(200, '3644', 56, 'L1 A', 1, 1, 16, 1),
(201, '3644', 57, 'L1 A', 1, 1, 16, 1),
(202, '3644', 59, 'L1 A', 1, 1, 16, 1),
(203, '3644', 60, 'L1 A', 1, 1, 16, 1),
(204, '3644', 61, 'L1 A', 1, 1, 16, 1),
(205, '3644', 62, 'L1 A', 1, 1, 16, 1),
(206, '3644', 64, 'L1 A', 1, 1, 16, 1),
(207, '3644', 65, 'L1 A', 1, 1, 16, 1),
(208, '3645', 53, 'L1 A', 1, 1, 16, 1),
(209, '3645', 54, 'L1 A', 1, 1, 16, 1),
(210, '3645', 55, 'L1 A', 1, 1, 16, 1),
(211, '3645', 56, 'L1 A', 1, 1, 16, 1),
(212, '3645', 58, 'L1 A', 1, 1, 16, 1),
(213, '3645', 59, 'L1 A', 1, 1, 16, 1),
(214, '3645', 60, 'L1 A', 1, 1, 16, 1),
(215, '3645', 61, 'L1 A', 1, 1, 16, 1),
(216, '3645', 62, 'L1 A', 1, 1, 16, 1),
(217, '3645', 63, 'L1 A', 1, 1, 16, 1),
(218, '3645', 64, 'L1 A', 1, 1, 16, 1),
(219, '3646', 53, 'L1 A', 1, 1, 16, 1),
(220, '3646', 54, 'L1 A', 1, 1, 16, 1),
(221, '3646', 55, 'L1 A', 1, 1, 16, 1),
(222, '3646', 56, 'L1 A', 1, 1, 16, 1),
(223, '3646', 57, 'L1 A', 1, 1, 16, 1),
(224, '3646', 58, 'L1 A', 1, 1, 16, 1),
(225, '3646', 59, 'L1 A', 1, 1, 16, 1),
(226, '3646', 60, 'L1 A', 1, 1, 16, 1),
(227, '3646', 61, 'L1 A', 1, 1, 16, 1),
(228, '3646', 62, 'L1 A', 1, 1, 16, 1),
(229, '3646', 63, 'L1 A', 1, 1, 16, 1),
(230, '3646', 64, 'L1 A', 1, 1, 16, 1),
(231, '3646', 65, 'L1 A', 1, 1, 16, 1),
(232, '3647', 53, 'L1 A', 1, 1, 16, 1),
(233, '3647', 54, 'L1 A', 1, 1, 16, 1),
(234, '3647', 55, 'L1 A', 1, 1, 16, 1),
(235, '3647', 56, 'L1 A', 1, 1, 16, 1),
(236, '3647', 58, 'L1 A', 1, 1, 16, 1),
(237, '3647', 59, 'L1 A', 1, 1, 16, 1),
(238, '3647', 60, 'L1 A', 1, 1, 16, 1),
(239, '3647', 61, 'L1 A', 1, 1, 16, 1),
(240, '3647', 62, 'L1 A', 1, 1, 16, 1),
(241, '3647', 63, 'L1 A', 1, 1, 16, 1),
(242, '3647', 64, 'L1 A', 1, 1, 16, 1),
(243, '3647', 65, 'L1 A', 1, 1, 16, 1),
(244, '3649', 53, 'L1 A', 1, 1, 16, 1),
(245, '3649', 54, 'L1 A', 1, 1, 16, 1),
(246, '3649', 55, 'L1 A', 1, 1, 16, 1),
(247, '3649', 56, 'L1 A', 1, 1, 16, 1),
(248, '3649', 59, 'L1 A', 1, 1, 16, 1),
(249, '3649', 60, 'L1 A', 1, 1, 16, 1),
(250, '3649', 61, 'L1 A', 1, 1, 16, 1),
(251, '3649', 62, 'L1 A', 1, 1, 16, 1),
(252, '3649', 63, 'L1 A', 1, 1, 16, 1),
(253, '3649', 64, 'L1 A', 1, 1, 16, 1),
(254, '3649', 65, 'L1 A', 1, 1, 16, 1),
(255, '3650', 53, 'L1 A', 1, 1, 16, 1),
(256, '3650', 54, 'L1 A', 1, 1, 16, 1),
(257, '3650', 55, 'L1 A', 1, 1, 16, 1),
(258, '3650', 56, 'L1 A', 1, 1, 16, 1),
(259, '3650', 58, 'L1 A', 1, 1, 16, 1),
(260, '3650', 59, 'L1 A', 1, 1, 16, 1),
(261, '3650', 60, 'L1 A', 1, 1, 16, 1),
(262, '3650', 61, 'L1 A', 1, 1, 16, 1),
(263, '3650', 62, 'L1 A', 1, 1, 16, 1),
(264, '3650', 63, 'L1 A', 1, 1, 16, 1),
(265, '3650', 64, 'L1 A', 1, 1, 16, 1),
(266, '3650', 65, 'L1 A', 1, 1, 16, 1),
(267, '3651', 53, 'L1 A', 1, 1, 16, 1),
(268, '3651', 54, 'L1 A', 1, 1, 16, 1),
(269, '3651', 55, 'L1 A', 1, 1, 16, 1),
(270, '3651', 56, 'L1 A', 1, 1, 16, 1),
(271, '3651', 58, 'L1 A', 1, 1, 16, 1),
(272, '3651', 59, 'L1 A', 1, 1, 16, 1),
(273, '3651', 60, 'L1 A', 1, 1, 16, 1),
(274, '3651', 61, 'L1 A', 1, 1, 16, 1),
(275, '3651', 62, 'L1 A', 1, 1, 16, 1),
(276, '3651', 63, 'L1 A', 1, 1, 16, 1),
(277, '3651', 64, 'L1 A', 1, 1, 16, 1),
(278, '3651', 65, 'L1 A', 1, 1, 16, 1),
(279, '3541', 79, 'L1', 1, 2, 18, 1),
(280, '3541', 80, 'L1', 1, 2, 18, 1),
(281, '3541', 81, 'L1', 1, 2, 18, 1),
(282, '3541', 82, 'L1', 1, 2, 18, 1),
(283, '3541', 83, 'L1', 1, 2, 18, 1),
(284, '3541', 84, 'L1', 1, 2, 18, 1),
(285, '3541', 85, 'L1', 1, 2, 18, 1),
(286, '3541', 87, 'L1', 1, 2, 18, 1),
(287, '3541', 88, 'L1', 1, 2, 18, 1),
(288, '3541', 89, 'L1', 1, 2, 18, 1),
(289, '3551', 79, 'L1', 1, 2, 18, 1),
(290, '3551', 80, 'L1', 1, 2, 18, 1),
(291, '3551', 82, 'L1', 1, 2, 18, 1),
(292, '3551', 83, 'L1', 1, 2, 18, 1),
(293, '3551', 84, 'L1', 1, 2, 18, 1),
(294, '3551', 85, 'L1', 1, 2, 18, 1),
(295, '3551', 86, 'L1', 1, 2, 18, 1),
(296, '3551', 87, 'L1', 1, 2, 18, 1),
(297, '3551', 88, 'L1', 1, 2, 18, 1),
(298, '3551', 89, 'L1', 1, 2, 18, 1),
(299, '3551', 90, 'L1', 1, 2, 18, 1),
(300, '3526', 79, 'L1', 1, 2, 18, 1),
(301, '3526', 80, 'L1', 1, 2, 18, 1),
(302, '3526', 81, 'L1', 1, 2, 18, 1),
(303, '3526', 82, 'L1', 1, 2, 18, 1),
(304, '3526', 84, 'L1', 1, 2, 18, 1),
(305, '3526', 85, 'L1', 1, 2, 18, 1),
(306, '3526', 86, 'L1', 1, 2, 18, 1),
(307, '3526', 87, 'L1', 1, 2, 18, 1),
(308, '3526', 88, 'L1', 1, 2, 18, 1),
(309, '3526', 89, 'L1', 1, 2, 18, 1),
(310, '3526', 90, 'L1', 1, 2, 18, 1),
(311, '3526', 91, 'L1', 1, 2, 18, 1),
(312, '3528', 79, 'L1', 1, 2, 18, 1),
(313, '3528', 80, 'L1', 1, 2, 18, 1),
(314, '3528', 81, 'L1', 1, 2, 18, 1),
(315, '3528', 82, 'L1', 1, 2, 18, 1),
(316, '3528', 84, 'L1', 1, 2, 18, 1),
(317, '3528', 85, 'L1', 1, 2, 18, 1),
(318, '3528', 86, 'L1', 1, 2, 18, 1),
(319, '3528', 87, 'L1', 1, 2, 18, 1),
(320, '3528', 88, 'L1', 1, 2, 18, 1),
(321, '3528', 89, 'L1', 1, 2, 18, 1),
(322, '3528', 90, 'L1', 1, 2, 18, 1),
(323, '3528', 91, 'L1', 1, 2, 18, 1),
(324, '3536', 79, 'L1', 1, 2, 18, 1),
(325, '3536', 80, 'L1', 1, 2, 18, 1),
(326, '3536', 81, 'L1', 1, 2, 18, 1),
(327, '3536', 82, 'L1', 1, 2, 18, 1),
(328, '3536', 84, 'L1', 1, 2, 18, 1),
(329, '3536', 85, 'L1', 1, 2, 18, 1),
(330, '3536', 86, 'L1', 1, 2, 18, 1),
(331, '3536', 87, 'L1', 1, 2, 18, 1),
(332, '3536', 88, 'L1', 1, 2, 18, 1),
(333, '3536', 89, 'L1', 1, 2, 18, 1),
(334, '3536', 90, 'L1', 1, 2, 18, 1),
(335, '3536', 91, 'L1', 1, 2, 18, 1),
(336, '3535', 92, 'L2', 1, 2, 19, 1),
(337, '3535', 93, 'L2', 1, 2, 19, 1),
(338, '3535', 94, 'L2', 1, 2, 19, 1),
(339, '3535', 95, 'L2', 1, 2, 19, 1),
(340, '3535', 97, 'L2', 1, 2, 19, 1),
(341, '3535', 98, 'L2', 1, 2, 19, 1),
(342, '3535', 99, 'L2', 1, 2, 19, 1),
(343, '3535', 100, 'L2', 1, 2, 19, 1),
(344, '3535', 101, 'L2', 1, 2, 19, 1),
(345, '3535', 102, 'L2', 1, 2, 19, 1),
(346, '3535', 103, 'L2', 1, 2, 19, 1),
(347, '3535', 104, 'L2', 1, 2, 19, 1),
(348, '3477', 105, 'L3', 1, 2, 20, 1),
(349, '3477', 106, 'L3', 1, 2, 20, 1),
(350, '3477', 107, 'L3', 1, 2, 20, 1),
(351, '3477', 108, 'L3', 1, 2, 20, 1),
(352, '3477', 109, 'L3', 1, 2, 20, 1),
(353, '3477', 110, 'L3', 1, 2, 20, 1),
(354, '3477', 111, 'L3', 1, 2, 20, 1),
(355, '3477', 112, 'L3', 1, 2, 20, 1),
(356, '3477', 113, 'L3', 1, 2, 20, 1),
(357, '3477', 114, 'L3', 1, 2, 20, 1),
(358, '3477', 115, 'L3', 1, 2, 20, 1),
(359, '3477', 116, 'L3', 1, 2, 20, 1),
(360, '3477', 117, 'L3', 1, 2, 20, 1),
(361, '3482', 105, 'L3', 1, 2, 20, 1),
(362, '3482', 106, 'L3', 1, 2, 20, 1),
(363, '3482', 107, 'L3', 1, 2, 20, 1),
(364, '3482', 108, 'L3', 1, 2, 20, 1),
(365, '3482', 110, 'L3', 1, 2, 20, 1),
(366, '3482', 111, 'L3', 1, 2, 20, 1),
(367, '3482', 112, 'L3', 1, 2, 20, 1),
(368, '3482', 113, 'L3', 1, 2, 20, 1),
(369, '3482', 114, 'L3', 1, 2, 20, 1),
(370, '3482', 115, 'L3', 1, 2, 20, 1),
(371, '3482', 116, 'L3', 1, 2, 20, 1),
(372, '3482', 117, 'L3', 1, 2, 20, 1),
(373, '3462', 105, 'L3', 1, 2, 20, 1),
(374, '3462', 106, 'L3', 1, 2, 20, 1),
(375, '3462', 107, 'L3', 1, 2, 20, 1),
(376, '3462', 108, 'L3', 1, 2, 20, 1),
(377, '3462', 110, 'L3', 1, 2, 20, 1),
(378, '3462', 111, 'L3', 1, 2, 20, 1),
(379, '3462', 112, 'L3', 1, 2, 20, 1),
(380, '3462', 113, 'L3', 1, 2, 20, 1),
(381, '3462', 114, 'L3', 1, 2, 20, 1),
(382, '3462', 115, 'L3', 1, 2, 20, 1),
(383, '3462', 116, 'L3', 1, 2, 20, 1),
(384, '3463', 105, 'L3', 1, 2, 20, 1),
(385, '3463', 106, 'L3', 1, 2, 20, 1),
(386, '3463', 107, 'L3', 1, 2, 20, 1),
(387, '3463', 108, 'L3', 1, 2, 20, 1),
(388, '3463', 109, 'L3', 1, 2, 20, 1),
(389, '3463', 110, 'L3', 1, 2, 20, 1),
(390, '3463', 111, 'L3', 1, 2, 20, 1),
(391, '3463', 112, 'L3', 1, 2, 20, 1),
(392, '3463', 113, 'L3', 1, 2, 20, 1),
(393, '3463', 114, 'L3', 1, 2, 20, 1),
(394, '3463', 115, 'L3', 1, 2, 20, 1),
(395, '3463', 116, 'L3', 1, 2, 20, 1),
(396, '3447', 105, 'L3', 1, 2, 20, 1),
(397, '3447', 106, 'L3', 1, 2, 20, 1),
(398, '3447', 107, 'L3', 1, 2, 20, 1),
(399, '3447', 108, 'L3', 1, 2, 20, 1),
(400, '3447', 109, 'L3', 1, 2, 20, 1),
(401, '3447', 110, 'L3', 1, 2, 20, 1),
(402, '3447', 111, 'L3', 1, 2, 20, 1),
(403, '3447', 112, 'L3', 1, 2, 20, 1),
(404, '3447', 113, 'L3', 1, 2, 20, 1),
(405, '3447', 114, 'L3', 1, 2, 20, 1),
(406, '3447', 115, 'L3', 1, 2, 20, 1),
(407, '3447', 116, 'L3', 1, 2, 20, 1),
(408, '3458', 105, 'L3', 1, 2, 20, 1),
(409, '3458', 106, 'L3', 1, 2, 20, 1),
(410, '3458', 107, 'L3', 1, 2, 20, 1),
(411, '3458', 108, 'L3', 1, 2, 20, 1),
(412, '3458', 109, 'L3', 1, 2, 20, 1),
(413, '3458', 110, 'L3', 1, 2, 20, 1),
(414, '3458', 111, 'L3', 1, 2, 20, 1),
(415, '3458', 112, 'L3', 1, 2, 20, 1),
(416, '3458', 113, 'L3', 1, 2, 20, 1),
(417, '3458', 114, 'L3', 1, 2, 20, 1),
(418, '3458', 115, 'L3', 1, 2, 20, 1),
(419, '3458', 116, 'L3', 1, 2, 20, 1),
(420, '3455', 118, 'L1', 3, 12, 7, 1),
(421, '3455', 119, 'L1', 3, 12, 7, 1),
(422, '3455', 120, 'L1', 3, 12, 7, 1),
(423, '3455', 121, 'L1', 3, 12, 7, 1),
(424, '3455', 122, 'L1', 3, 12, 7, 1),
(425, '3455', 124, 'L1', 3, 12, 7, 1),
(426, '3455', 125, 'L1', 3, 12, 7, 1),
(427, '3455', 126, 'L1', 3, 12, 7, 1),
(428, '3455', 127, 'L1', 3, 12, 7, 1),
(429, '3455', 128, 'L1', 3, 12, 7, 1),
(430, '3455', 129, 'L1', 3, 12, 7, 1),
(431, '3455', 130, 'L1', 3, 12, 7, 1),
(432, '3597', 118, 'L1', 3, 12, 7, 1),
(433, '3597', 119, 'L1', 3, 12, 7, 1),
(434, '3597', 120, 'L1', 3, 12, 7, 1),
(435, '3597', 121, 'L1', 3, 12, 7, 1),
(436, '3597', 122, 'L1', 3, 12, 7, 1),
(437, '3597', 124, 'L1', 3, 12, 7, 1),
(438, '3597', 125, 'L1', 3, 12, 7, 1),
(439, '3597', 126, 'L1', 3, 12, 7, 1),
(440, '3597', 127, 'L1', 3, 12, 7, 1),
(441, '3597', 128, 'L1', 3, 12, 7, 1),
(442, '3597', 129, 'L1', 3, 12, 7, 1),
(443, '3597', 130, 'L1', 3, 12, 7, 1),
(444, '3596', 118, 'L1', 3, 12, 7, 1),
(445, '3596', 119, 'L1', 3, 12, 7, 1),
(446, '3596', 120, 'L1', 3, 12, 7, 1),
(447, '3596', 121, 'L1', 3, 12, 7, 1),
(448, '3596', 124, 'L1', 3, 12, 7, 1),
(449, '3596', 125, 'L1', 3, 12, 7, 1),
(450, '3596', 126, 'L1', 3, 12, 7, 1),
(451, '3596', 127, 'L1', 3, 12, 7, 1),
(452, '3596', 128, 'L1', 3, 12, 7, 1),
(453, '3596', 129, 'L1', 3, 12, 7, 1),
(454, '3596', 130, 'L1', 3, 12, 7, 1),
(455, '3591', 118, 'L1', 3, 12, 7, 1),
(456, '3591', 119, 'L1', 3, 12, 7, 1),
(457, '3591', 120, 'L1', 3, 12, 7, 1),
(458, '3591', 121, 'L1', 3, 12, 7, 1),
(459, '3591', 122, 'L1', 3, 12, 7, 1),
(460, '3591', 124, 'L1', 3, 12, 7, 1),
(461, '3591', 125, 'L1', 3, 12, 7, 1),
(462, '3591', 126, 'L1', 3, 12, 7, 1),
(463, '3591', 127, 'L1', 3, 12, 7, 1),
(464, '3591', 128, 'L1', 3, 12, 7, 1),
(465, '3591', 129, 'L1', 3, 12, 7, 1),
(466, '3591', 130, 'L1', 3, 12, 7, 1),
(467, '3618', 131, 'L2', 3, 12, 8, 1),
(468, '3618', 132, 'L2', 3, 12, 8, 1),
(469, '3618', 133, 'L2', 3, 12, 8, 1),
(470, '3618', 134, 'L2', 3, 12, 8, 1),
(471, '3618', 135, 'L2', 3, 12, 8, 1),
(472, '3618', 137, 'L2', 3, 12, 8, 1),
(473, '3618', 138, 'L2', 3, 12, 8, 1),
(474, '3618', 139, 'L2', 3, 12, 8, 1),
(475, '3618', 140, 'L2', 3, 12, 8, 1),
(476, '3618', 141, 'L2', 3, 12, 8, 1),
(477, '3618', 142, 'L2', 3, 12, 8, 1),
(478, '3618', 143, 'L2', 3, 12, 8, 1),
(479, '3620', 131, 'L2', 3, 12, 8, 1),
(480, '3620', 132, 'L2', 3, 12, 8, 1),
(481, '3620', 133, 'L2', 3, 12, 8, 1),
(482, '3620', 134, 'L2', 3, 12, 8, 1),
(483, '3620', 135, 'L2', 3, 12, 8, 1),
(484, '3620', 137, 'L2', 3, 12, 8, 1),
(485, '3620', 138, 'L2', 3, 12, 8, 1),
(486, '3620', 139, 'L2', 3, 12, 8, 1),
(487, '3620', 140, 'L2', 3, 12, 8, 1),
(488, '3620', 141, 'L2', 3, 12, 8, 1),
(489, '3620', 142, 'L2', 3, 12, 8, 1),
(490, '3620', 143, 'L2', 3, 12, 8, 1),
(491, '3619', 131, 'L2', 3, 12, 8, 1),
(492, '3619', 132, 'L2', 3, 12, 8, 1),
(493, '3619', 133, 'L2', 3, 12, 8, 1),
(494, '3619', 134, 'L2', 3, 12, 8, 1),
(495, '3619', 135, 'L2', 3, 12, 8, 1),
(496, '3619', 137, 'L2', 3, 12, 8, 1),
(497, '3619', 138, 'L2', 3, 12, 8, 1),
(498, '3619', 139, 'L2', 3, 12, 8, 1),
(499, '3619', 140, 'L2', 3, 12, 8, 1),
(500, '3619', 141, 'L2', 3, 12, 8, 1),
(501, '3619', 142, 'L2', 3, 12, 8, 1),
(502, '3619', 143, 'L2', 3, 12, 8, 1),
(503, '9629', 144, 'L3', 3, 12, 9, 1),
(504, '9629', 145, 'L3', 3, 12, 9, 1),
(505, '9629', 146, 'L3', 3, 12, 9, 1),
(506, '9629', 147, 'L3', 3, 12, 9, 1),
(507, '9629', 148, 'L3', 3, 12, 9, 1),
(508, '9629', 150, 'L3', 3, 12, 9, 1),
(509, '9629', 151, 'L3', 3, 12, 9, 1),
(510, '9629', 152, 'L3', 3, 12, 9, 1),
(511, '9629', 153, 'L3', 3, 12, 9, 1),
(512, '9629', 154, 'L3', 3, 12, 9, 1),
(513, '9629', 155, 'L3', 3, 12, 9, 1),
(514, '9629', 156, 'L3', 3, 12, 9, 1),
(515, '9638', 131, 'L2', 3, 12, 8, 1),
(516, '9638', 132, 'L2', 3, 12, 8, 1),
(517, '9638', 133, 'L2', 3, 12, 8, 1),
(518, '9638', 134, 'L2', 3, 12, 8, 1),
(519, '9638', 135, 'L2', 3, 12, 8, 1),
(520, '9638', 136, 'L2', 3, 12, 8, 1),
(521, '9638', 137, 'L2', 3, 12, 8, 1),
(522, '9638', 139, 'L2', 3, 12, 8, 1),
(523, '9638', 140, 'L2', 3, 12, 8, 1),
(524, '9638', 141, 'L2', 3, 12, 8, 1),
(525, '9638', 142, 'L2', 3, 12, 8, 1),
(526, '9638', 143, 'L2', 3, 12, 8, 1),
(527, '9604', 131, 'L2', 3, 12, 8, 1),
(528, '9604', 132, 'L2', 3, 12, 8, 1),
(529, '9604', 133, 'L2', 3, 12, 8, 1),
(530, '9604', 134, 'L2', 3, 12, 8, 1),
(531, '9604', 135, 'L2', 3, 12, 8, 1),
(532, '9604', 137, 'L2', 3, 12, 8, 1),
(533, '9604', 138, 'L2', 3, 12, 8, 1),
(534, '9604', 139, 'L2', 3, 12, 8, 1),
(535, '9604', 140, 'L2', 3, 12, 8, 1),
(536, '9604', 141, 'L2', 3, 12, 8, 1),
(537, '9604', 142, 'L2', 3, 12, 8, 1),
(538, '9604', 143, 'L2', 3, 12, 8, 1),
(539, '9536', 79, 'L1', 1, 2, 18, 1),
(540, '9536', 80, 'L1', 1, 2, 18, 1),
(541, '9536', 81, 'L1', 1, 2, 18, 1),
(542, '9536', 84, 'L1', 1, 2, 18, 1),
(543, '9536', 85, 'L1', 1, 2, 18, 1),
(544, '9536', 86, 'L1', 1, 2, 18, 1),
(545, '9536', 87, 'L1', 1, 2, 18, 1),
(546, '9536', 88, 'L1', 1, 2, 18, 1),
(547, '9536', 89, 'L1', 1, 2, 18, 1),
(548, '9536', 90, 'L1', 1, 2, 18, 1),
(549, '3579', 79, 'L1', 1, 2, 18, 1),
(550, '3579', 80, 'L1', 1, 2, 18, 1),
(551, '3579', 81, 'L1', 1, 2, 18, 1),
(552, '3579', 82, 'L1', 1, 2, 18, 1),
(553, '3579', 83, 'L1', 1, 2, 18, 1),
(554, '3579', 84, 'L1', 1, 2, 18, 1),
(555, '3579', 85, 'L1', 1, 2, 18, 1),
(556, '3579', 86, 'L1', 1, 2, 18, 1),
(557, '3579', 87, 'L1', 1, 2, 18, 1),
(558, '3579', 88, 'L1', 1, 2, 18, 1),
(559, '3579', 89, 'L1', 1, 2, 18, 1),
(560, '3579', 90, 'L1', 1, 2, 18, 1),
(561, '3579', 91, 'L1', 1, 2, 18, 1),
(562, '9501', 66, 'L2 A', 1, 1, 17, 1),
(563, '9501', 67, 'L2 A', 1, 1, 17, 1),
(564, '9501', 68, 'L2 A', 1, 1, 17, 1),
(565, '9501', 69, 'L2 A', 1, 1, 17, 1),
(566, '9501', 70, 'L2 A', 1, 1, 17, 1),
(567, '9501', 71, 'L2 A', 1, 1, 17, 1),
(568, '9501', 72, 'L2 A', 1, 1, 17, 1),
(569, '9606', 14, 'L1 A', 1, 1, 11, 1),
(570, '9606', 15, 'L1 A', 1, 1, 11, 1),
(571, '9606', 16, 'L1 A', 1, 1, 11, 1),
(572, '9606', 17, 'L1 A', 1, 1, 11, 1),
(573, '9606', 18, 'L1 A', 1, 1, 11, 1),
(574, '9606', 19, 'L1 A', 1, 1, 11, 1),
(575, '9606', 20, 'L1 A', 1, 1, 11, 1),
(576, '9606', 21, 'L1 A', 1, 1, 11, 1),
(577, '9606', 22, 'L1 A', 1, 1, 11, 1),
(578, '9606', 23, 'L1 A', 1, 1, 11, 1),
(579, '9606', 24, 'L1 A', 1, 1, 11, 1),
(580, '9606', 25, 'L1 A', 1, 1, 11, 1),
(581, '9606', 26, 'L1 A', 1, 1, 11, 1),
(582, '3614', 144, 'L3', 3, 12, 9, 1),
(583, '3614', 145, 'L3', 3, 12, 9, 1),
(584, '3614', 146, 'L3', 3, 12, 9, 1),
(585, '3614', 147, 'L3', 3, 12, 9, 1),
(586, '3614', 149, 'L3', 3, 12, 9, 1),
(587, '3614', 150, 'L3', 3, 12, 9, 1),
(588, '3614', 151, 'L3', 3, 12, 9, 1),
(589, '3614', 152, 'L3', 3, 12, 9, 1),
(590, '3614', 153, 'L3', 3, 12, 9, 1),
(591, '3614', 154, 'L3', 3, 12, 9, 1),
(592, '3614', 155, 'L3', 3, 12, 9, 1),
(593, '3614', 156, 'L3', 3, 12, 9, 1),
(594, '3534', 144, 'L3', 3, 12, 9, 1),
(595, '3534', 145, 'L3', 3, 12, 9, 1),
(596, '3534', 146, 'L3', 3, 12, 9, 1),
(597, '3534', 147, 'L3', 3, 12, 9, 1),
(598, '3534', 150, 'L3', 3, 12, 9, 1),
(599, '3534', 151, 'L3', 3, 12, 9, 1),
(600, '3534', 152, 'L3', 3, 12, 9, 1),
(601, '3534', 153, 'L3', 3, 12, 9, 1),
(602, '3534', 154, 'L3', 3, 12, 9, 1),
(603, '3534', 155, 'L3', 3, 12, 9, 1),
(604, '3534', 156, 'L3', 3, 12, 9, 1),
(605, '3672', 144, 'L3', 3, 12, 9, 1),
(606, '3672', 145, 'L3', 3, 12, 9, 1),
(607, '3672', 146, 'L3', 3, 12, 9, 1),
(608, '3672', 147, 'L3', 3, 12, 9, 1),
(609, '3672', 148, 'L3', 3, 12, 9, 1),
(610, '3672', 149, 'L3', 3, 12, 9, 1),
(611, '3672', 150, 'L3', 3, 12, 9, 1),
(612, '3672', 151, 'L3', 3, 12, 9, 1),
(613, '3672', 152, 'L3', 3, 12, 9, 1),
(614, '3672', 153, 'L3', 3, 12, 9, 1),
(615, '3672', 155, 'L3', 3, 12, 9, 1),
(616, '3672', 156, 'L3', 3, 12, 9, 1),
(617, '3656', 144, 'L3', 3, 12, 9, 1),
(618, '3656', 145, 'L3', 3, 12, 9, 1),
(619, '3656', 146, 'L3', 3, 12, 9, 1),
(620, '3656', 147, 'L3', 3, 12, 9, 1),
(621, '3656', 148, 'L3', 3, 12, 9, 1),
(622, '3656', 149, 'L3', 3, 12, 9, 1),
(623, '3656', 150, 'L3', 3, 12, 9, 1),
(624, '3656', 151, 'L3', 3, 12, 9, 1),
(625, '3656', 152, 'L3', 3, 12, 9, 1),
(626, '3656', 153, 'L3', 3, 12, 9, 1),
(627, '3656', 154, 'L3', 3, 12, 9, 1),
(628, '3656', 155, 'L3', 3, 12, 9, 1),
(629, '3656', 156, 'L3', 3, 12, 9, 1),
(630, '3655', 144, 'L3', 3, 12, 9, 1),
(631, '3655', 145, 'L3', 3, 12, 9, 1),
(632, '3655', 146, 'L3', 3, 12, 9, 1),
(633, '3655', 147, 'L3', 3, 12, 9, 1),
(634, '3655', 149, 'L3', 3, 12, 9, 1),
(635, '3655', 150, 'L3', 3, 12, 9, 1),
(636, '3655', 151, 'L3', 3, 12, 9, 1),
(637, '3655', 152, 'L3', 3, 12, 9, 1),
(638, '3655', 153, 'L3', 3, 12, 9, 1),
(639, '3655', 154, 'L3', 3, 12, 9, 1),
(640, '3655', 155, 'L3', 3, 12, 9, 1),
(641, '3454', 105, 'L3', 1, 2, 20, 1),
(642, '3454', 106, 'L3', 1, 2, 20, 1),
(643, '3454', 107, 'L3', 1, 2, 20, 1),
(644, '3454', 108, 'L3', 1, 2, 20, 1),
(645, '3454', 109, 'L3', 1, 2, 20, 1),
(646, '3454', 110, 'L3', 1, 2, 20, 1),
(647, '3454', 111, 'L3', 1, 2, 20, 1),
(648, '3454', 112, 'L3', 1, 2, 20, 1),
(649, '3454', 114, 'L3', 1, 2, 20, 1),
(650, '3454', 115, 'L3', 1, 2, 20, 1),
(651, '3454', 116, 'L3', 1, 2, 20, 1),
(652, '3454', 117, 'L3', 1, 2, 20, 1),
(653, '3459', 105, 'L3', 1, 2, 20, 1),
(654, '3459', 106, 'L3', 1, 2, 20, 1),
(655, '3459', 107, 'L3', 1, 2, 20, 1),
(656, '3459', 108, 'L3', 1, 2, 20, 1),
(657, '3459', 110, 'L3', 1, 2, 20, 1),
(658, '3459', 111, 'L3', 1, 2, 20, 1),
(659, '3459', 112, 'L3', 1, 2, 20, 1),
(660, '3459', 113, 'L3', 1, 2, 20, 1),
(661, '3459', 114, 'L3', 1, 2, 20, 1),
(662, '3459', 115, 'L3', 1, 2, 20, 1),
(663, '3459', 116, 'L3', 1, 2, 20, 1),
(664, '3602', 1, 'G3', 1, 1, 10, 1),
(665, '3602', 2, 'G3', 1, 1, 10, 1),
(666, '3602', 3, 'G3', 1, 1, 10, 1),
(667, '3602', 4, 'G3', 1, 1, 10, 1),
(668, '3602', 5, 'G3', 1, 1, 10, 1),
(669, '3602', 6, 'G3', 1, 1, 10, 1),
(670, '3602', 7, 'G3', 1, 1, 10, 1),
(671, '3602', 8, 'G3', 1, 1, 10, 1),
(672, '3602', 9, 'G3', 1, 1, 10, 1),
(673, '3602', 10, 'G3', 1, 1, 10, 1),
(674, '3602', 11, 'G3', 1, 1, 10, 1),
(675, '3602', 12, 'G3', 1, 1, 10, 1),
(676, '3602', 13, 'G3', 1, 1, 10, 1);

-- --------------------------------------------------------

--
-- Structure de la table `annee_acad`
--

CREATE TABLE `annee_acad` (
  `id_annee` int(11) NOT NULL,
  `annee_acad` varchar(20) NOT NULL
) ENGINE=InnoDB DEFAULT CHARSET=utf8mb4;

--
-- Déchargement des données de la table `annee_acad`
--

INSERT INTO `annee_acad` (`id_annee`, `annee_acad`) VALUES
(1, '2021-2022');

-- --------------------------------------------------------

--
-- Structure de la table `departement`
--

CREATE TABLE `departement` (
  `id_departement` int(11) NOT NULL,
  `departement` varchar(200) NOT NULL,
  `id_section` int(11) NOT NULL,
  `id_annee` int(11) NOT NULL
) ENGINE=InnoDB DEFAULT CHARSET=utf8mb4;

--
-- Déchargement des données de la table `departement`
--

INSERT INTO `departement` (`id_departement`, `departement`, `id_section`, `id_annee`) VALUES
(1, 'Informatique', 1, 1),
(2, 'Informatique Industrielle', 1, 1),
(3, 'Informatique de Gestion', 1, 1),
(4, 'Électromécanique et Mécanique de Production ', 2, 1),
(5, 'Construction métallique et Navale ', 2, 1),
(6, 'Mécanique Agricole ', 2, 1),
(7, 'Mécanique générale  ', 2, 1),
(8, 'Mécanique Automobile ', 2, 1),
(9, 'Construction', 2, 1),
(10, 'Agriculture', 2, 1),
(11, 'Electrotechnique ', 3, 1),
(12, 'Electronique', 3, 1),
(13, 'Électrotechnique ', 1, 1);

-- --------------------------------------------------------

--
-- Structure de la table `depense_facultaire`
--

CREATE TABLE `depense_facultaire` (
  `id_pdf` int(11) NOT NULL,
  `poste` varchar(200) NOT NULL,
  `montant` float NOT NULL,
  `depense` float DEFAULT 0,
  `id_section` int(11) NOT NULL,
  `id_annee` int(11) NOT NULL
) ENGINE=InnoDB DEFAULT CHARSET=utf8mb4;

-- --------------------------------------------------------

--
-- Structure de la table `etudiants_inscrits`
--

CREATE TABLE `etudiants_inscrits` (
  `id` int(11) NOT NULL,
  `matricule` varchar(20) NOT NULL,
  `noms` varchar(30) NOT NULL,
  `password` text NOT NULL,
  `id_section` int(11) NOT NULL,
  `id_departement` int(11) NOT NULL,
  `id_option` int(11) NOT NULL,
  `promotion` varchar(10) NOT NULL,
  `id_annee` int(11) NOT NULL
) ENGINE=InnoDB DEFAULT CHARSET=utf8mb4;

--
-- Déchargement des données de la table `etudiants_inscrits`
--

INSERT INTO `etudiants_inscrits` (`id`, `matricule`, `noms`, `password`, `id_section`, `id_departement`, `id_option`, `promotion`, `id_annee`) VALUES
(1, '3698', 'ISHIMWE NDUHIRA', 'cc6af15addbb3acbd0ca2ef348f0354b7a14afeb', 1, 1, 10, 'G3', 1),
(2, '3699', 'INCHIMPAYE MBAMBI', '000deff6f19fba69b583b7627d495bee9329f5fa', 1, 1, 10, 'G3', 1),
(3, '3606', 'AKSANTE BATEZIO', '000deff6f19fba69b583b7627d495bee9329f5fa', 1, 1, 10, 'G3', 1),
(4, '3601', 'AKIBA BIGATI MERCI', '000deff6f19fba69b583b7627d495bee9329f5fa', 1, 1, 10, 'G3', 1),
(5, '3602', 'IRUMVA SINAMENYE DANIEL', '000deff6f19fba69b583b7627d495bee9329f5fa', 1, 1, 10, 'G3', 1),
(6, '3603', 'MWOROZI YOSHUWA PRINCE', '000deff6f19fba69b583b7627d495bee9329f5fa', 1, 1, 10, 'G3', 1),
(7, '3604', 'KAMBALE RASIWA FREUD', '000deff6f19fba69b583b7627d495bee9329f5fa', 1, 1, 10, 'G3', 1),
(8, '3605', 'MUHINDO AYUWA', '000deff6f19fba69b583b7627d495bee9329f5fa', 1, 1, 10, 'G3', 1),
(9, '3607', 'ISHIMWE BIZIMANA SOLANGE', '000deff6f19fba69b583b7627d495bee9329f5fa', 1, 1, 11, 'L1 A', 1),
(10, '3608', 'AKILIMALI NAMOGO', '000deff6f19fba69b583b7627d495bee9329f5fa', 1, 1, 11, 'L1 A', 1),
(11, '3609', 'HAGUMA CHYANCE JEAN PIERRE', '000deff6f19fba69b583b7627d495bee9329f5fa', 1, 1, 11, 'L1 A', 1),
(12, '3610', 'AMANI NTAMBARA GRACE', '000deff6f19fba69b583b7627d495bee9329f5fa', 1, 1, 11, 'L1 A', 1),
(13, '3611', 'DIEU VEUT KIMONDO DIDIER', '000deff6f19fba69b583b7627d495bee9329f5fa', 1, 1, 11, 'L1 A', 1),
(14, '3612', 'KASHUBA BIHAMBA DANIEL', '000deff6f19fba69b583b7627d495bee9329f5fa', 1, 1, 12, 'L2 A', 1),
(15, '3613', 'USHINDI CIKURU STYVEN', '000deff6f19fba69b583b7627d495bee9329f5fa', 1, 1, 12, 'L2 A', 1),
(16, '3627', 'LUANDA MUSHIMO', '000deff6f19fba69b583b7627d495bee9329f5fa', 1, 1, 12, 'L2 A', 1),
(17, '3628', 'NZAYISENGA IYAKAREMYE ERICK', '000deff6f19fba69b583b7627d495bee9329f5fa', 1, 1, 12, 'L2 A', 1),
(18, '3629', 'MUHINIRE BIREO EPHREM', '000deff6f19fba69b583b7627d495bee9329f5fa', 1, 1, 12, 'L2 A', 1),
(19, '3630', 'KASEREKA MAHAMBA CHRISTIAN', '000deff6f19fba69b583b7627d495bee9329f5fa', 1, 1, 12, 'L2 A', 1),
(20, '3631', 'BARUSI BWIRA ALEX', '000deff6f19fba69b583b7627d495bee9329f5fa', 1, 1, 13, 'G2', 1),
(21, '3632', 'EUGENE IYUBU', '000deff6f19fba69b583b7627d495bee9329f5fa', 1, 1, 13, 'G2', 1),
(22, '3633', 'BAHIZI NTIBA', '000deff6f19fba69b583b7627d495bee9329f5fa', 1, 1, 13, 'G2', 1),
(23, '3634', 'WANALUNEKE MURHABAZI BENEDI', '000deff6f19fba69b583b7627d495bee9329f5fa', 1, 1, 13, 'G2', 1),
(24, '3635', 'NKURUNZIZA MUGANZA ALEXIS', '000deff6f19fba69b583b7627d495bee9329f5fa', 1, 1, 13, 'G2', 1),
(25, '3636', 'KAKULE KANAMUNGOYA FREDDY', '000deff6f19fba69b583b7627d495bee9329f5fa', 1, 1, 13, 'G2', 1),
(26, '3637', 'AMISI MAYEMBA JOSUE', '000deff6f19fba69b583b7627d495bee9329f5fa', 1, 1, 15, 'G3', 1),
(27, '3638', 'BULONZA MUHINDO', '000deff6f19fba69b583b7627d495bee9329f5fa', 1, 1, 15, 'G3', 1),
(28, '3639', 'KASIKILA KWABO GEORGES', '000deff6f19fba69b583b7627d495bee9329f5fa', 1, 1, 15, 'G3', 1),
(29, '3640', 'MULOMBI HAMULI BONHEUR', '000deff6f19fba69b583b7627d495bee9329f5fa', 1, 1, 15, 'G3', 1),
(30, '3641', 'BYAMUNGU NZABARA DIEUDONNEE', '000deff6f19fba69b583b7627d495bee9329f5fa', 1, 1, 15, 'G3', 1),
(31, '3642', 'KASEREKA SIRYASI', '000deff6f19fba69b583b7627d495bee9329f5fa', 1, 1, 15, 'G3', 1),
(32, '3643', 'MANISHIMWE HITARUREMA HERITIER', '000deff6f19fba69b583b7627d495bee9329f5fa', 1, 1, 15, 'G3', 1),
(33, '3644', 'AKOKWA BUDEDU', '000deff6f19fba69b583b7627d495bee9329f5fa', 1, 1, 16, 'L1 A', 1),
(34, '3645', 'UWIZEYEBANYANGA', '000deff6f19fba69b583b7627d495bee9329f5fa', 1, 1, 16, 'L1 A', 1),
(35, '3646', 'MAPENZI KWABO', '000deff6f19fba69b583b7627d495bee9329f5fa', 1, 1, 16, 'L1 A', 1),
(36, '3647', 'AKONKWA ACHILE GHISLAIN', '000deff6f19fba69b583b7627d495bee9329f5fa', 1, 1, 16, 'L1 A', 1),
(37, '3648', 'KITSONGYA DUNIA', '000deff6f19fba69b583b7627d495bee9329f5fa', 1, 1, 16, 'L1 A', 1),
(38, '3649', 'BAHATI SANGANANO', '000deff6f19fba69b583b7627d495bee9329f5fa', 1, 1, 16, 'L1 A', 1),
(39, '3650', 'AIME NGANGO JEREMIE', '000deff6f19fba69b583b7627d495bee9329f5fa', 1, 1, 16, 'L1 A', 1),
(40, '3651', 'ELISHA MUSAGO', '000deff6f19fba69b583b7627d495bee9329f5fa', 1, 1, 16, 'L1 A', 1),
(41, '3652', 'HABIMANA BAHATI PRINCE', '000deff6f19fba69b583b7627d495bee9329f5fa', 1, 1, 17, 'L2 A', 1),
(42, '3653', 'KASEREKAKISANGANI', '000deff6f19fba69b583b7627d495bee9329f5fa', 1, 1, 17, 'L2 A', 1),
(43, '3500', 'MUSISI A-KALABO', '000deff6f19fba69b583b7627d495bee9329f5fa', 1, 1, 17, 'L2 A', 1),
(44, '3501', 'HAKIZUMWAMI KARUMUHINZI', '000deff6f19fba69b583b7627d495bee9329f5fa', 1, 1, 17, 'L2 A', 1),
(45, '3502', 'SHAMAVU AKONKWA ALBERT', '000deff6f19fba69b583b7627d495bee9329f5fa', 1, 1, 17, 'L2 A', 1),
(46, '3496', 'MUNGUIKO RWAKAMA', '000deff6f19fba69b583b7627d495bee9329f5fa', 1, 1, 17, 'L2 A', 1),
(47, '3533', 'MUSINGYA MUHINDO JEREMIE', '000deff6f19fba69b583b7627d495bee9329f5fa', 1, 1, 17, 'L2 A', 1),
(48, '3541', 'MUHIMA KIRONGU', '000deff6f19fba69b583b7627d495bee9329f5fa', 1, 2, 18, 'L1', 1),
(49, '3526', 'MUBINGWA MUNGOMBE BARAKA', '000deff6f19fba69b583b7627d495bee9329f5fa', 1, 2, 18, 'L1', 1),
(50, '3551', 'AKSANTI KULIMUSHI JEAN-LUCK', '000deff6f19fba69b583b7627d495bee9329f5fa', 1, 2, 18, 'L1', 1),
(51, '3528', 'MUUTAMAATANYAKA LUNENO', '000deff6f19fba69b583b7627d495bee9329f5fa', 1, 2, 18, 'L1', 1),
(52, '3536', 'KUBUYA BATUNDI', '000deff6f19fba69b583b7627d495bee9329f5fa', 1, 2, 18, 'L1', 1),
(53, '3529', 'BYAMUNGU MABETE', '000deff6f19fba69b583b7627d495bee9329f5fa', 1, 2, 19, 'L2', 1),
(54, '3493', 'AHISHAKIYE HACHOGA ESPERENCE', '000deff6f19fba69b583b7627d495bee9329f5fa', 1, 2, 19, 'L2', 1),
(55, '3494', 'PATANO BIDOGO', '000deff6f19fba69b583b7627d495bee9329f5fa', 1, 2, 19, 'L2', 1),
(56, '3479', 'GADI BAKOMERE', '000deff6f19fba69b583b7627d495bee9329f5fa', 1, 2, 19, 'L2', 1),
(57, '3535', 'IRUMVA MVUYEKURE', '000deff6f19fba69b583b7627d495bee9329f5fa', 1, 2, 19, 'L2', 1),
(58, '3482', 'BIENVENUE SERUSAZA', '000deff6f19fba69b583b7627d495bee9329f5fa', 1, 2, 20, 'L3', 1),
(59, '3477', 'OLAME BIRALI', '000deff6f19fba69b583b7627d495bee9329f5fa', 1, 2, 20, 'L3', 1),
(60, '3462', 'KAKULE MBULI MESHACK', '000deff6f19fba69b583b7627d495bee9329f5fa', 1, 2, 20, 'L3', 1),
(61, '3463', 'KATEMBO MBULI SHADRACK', '000deff6f19fba69b583b7627d495bee9329f5fa', 1, 2, 20, 'L3', 1),
(62, '3447', 'ISHARA BIENVENUE', '000deff6f19fba69b583b7627d495bee9329f5fa', 1, 2, 20, 'L3', 1),
(63, '3458', 'SADIKI NGIRABATWARE', '000deff6f19fba69b583b7627d495bee9329f5fa', 1, 2, 20, 'L3', 1),
(64, '3459', 'ARONI BEANI SHENGENDAYO', '000deff6f19fba69b583b7627d495bee9329f5fa', 1, 2, 20, 'L3', 1),
(65, '3454', 'BAHATI KATOMUNDA MESHACK', '000deff6f19fba69b583b7627d495bee9329f5fa', 1, 2, 20, 'L3', 1),
(66, '3455', 'AGANZE BANGA ROMAIN', '000deff6f19fba69b583b7627d495bee9329f5fa', 3, 12, 7, 'L1', 1),
(67, '3445', 'MBONEZA GASHABAZI', '000deff6f19fba69b583b7627d495bee9329f5fa', 3, 12, 7, 'L1', 1),
(68, '3596', 'IRUMVA TUMUSIFU', '000deff6f19fba69b583b7627d495bee9329f5fa', 3, 12, 7, 'L1', 1),
(69, '3597', 'SHAKA NZAKAMA MERVEIL', '000deff6f19fba69b583b7627d495bee9329f5fa', 3, 12, 7, 'L1', 1),
(70, '3591', 'HATANGA NDIKU', '000deff6f19fba69b583b7627d495bee9329f5fa', 3, 12, 7, 'L1', 1),
(71, '3618', 'NYANDWI HAMULI ANICET', '000deff6f19fba69b583b7627d495bee9329f5fa', 3, 12, 8, 'L2', 1),
(72, '3620', 'MBITEZIMANA HITABATUMA FAUSTIN', '000deff6f19fba69b583b7627d495bee9329f5fa', 3, 12, 8, 'L2', 1),
(73, '3619', 'BAHINYZA MZEE', '000deff6f19fba69b583b7627d495bee9329f5fa', 3, 12, 8, 'L2', 1),
(74, '3655', 'MUBERWA MWAMBUTSA', '000deff6f19fba69b583b7627d495bee9329f5fa', 3, 12, 9, 'L3', 1),
(75, '3656', 'ASANTE BITAKUYA', '000deff6f19fba69b583b7627d495bee9329f5fa', 3, 12, 9, 'L3', 1),
(76, '3672', 'AMANI SEKABANZA PATRICK', '000deff6f19fba69b583b7627d495bee9329f5fa', 3, 12, 9, 'L3', 1),
(77, '3534', 'WETEWABOBWIRA RAMS', '000deff6f19fba69b583b7627d495bee9329f5fa', 3, 12, 9, 'L3', 1),
(78, '3614', 'TUMAINI NIYIBIZI', '000deff6f19fba69b583b7627d495bee9329f5fa', 3, 12, 9, 'L3', 1),
(79, '9606', 'ELONGA SHAMWAMI', '000deff6f19fba69b583b7627d495bee9329f5fa', 1, 1, 11, 'L1 A', 1),
(80, '9642', 'KASEREKA SIRYASI', '000deff6f19fba69b583b7627d495bee9329f5fa', 1, 1, 15, 'G3', 1),
(81, '9501', 'HAKIZUMWAMI KARUMUHINZI', '000deff6f19fba69b583b7627d495bee9329f5fa', 1, 1, 17, 'L2 A', 1),
(82, '3579', 'DJAMBA EKOTA', '000deff6f19fba69b583b7627d495bee9329f5fa', 1, 2, 18, 'L1', 1),
(83, '9536', 'KUBUYA BATUNDI', '000deff6f19fba69b583b7627d495bee9329f5fa', 1, 2, 18, 'L1', 1),
(84, '9604', 'KAMABALE MWAMBALI', '000deff6f19fba69b583b7627d495bee9329f5fa', 3, 12, 8, 'L2', 1),
(85, '9638', 'NZABANDORA SHUKURU JEAN', '000deff6f19fba69b583b7627d495bee9329f5fa', 3, 12, 8, 'L2', 1),
(86, '9629', 'NGUVU MBALASI YANNICK', '000deff6f19fba69b583b7627d495bee9329f5fa', 3, 12, 9, 'L3', 1);

-- --------------------------------------------------------

--
-- Structure de la table `gestion_cheque`
--

CREATE TABLE `gestion_cheque` (
  `id` int(11) NOT NULL,
  `liebelle` varchar(200) NOT NULL,
  `num_cheque` varchar(200) NOT NULL,
  `montant` float NOT NULL,
  `date_` datetime NOT NULL
) ENGINE=InnoDB DEFAULT CHARSET=utf8mb4;

-- --------------------------------------------------------

--
-- Structure de la table `gest_honoraire`
--

CREATE TABLE `gest_honoraire` (
  `id` int(11) NOT NULL,
  `noms_ens` varchar(30) NOT NULL,
  `grade_ens` varchar(30) NOT NULL,
  `cours` varchar(50) NOT NULL,
  `heure_th` int(11) NOT NULL,
  `montant_ht` float NOT NULL,
  `heure_pr` int(11) NOT NULL,
  `montant_hp` float NOT NULL,
  `taux` int(11) NOT NULL,
  `total` float NOT NULL,
  `total_payer` float DEFAULT 0,
  `type_enseig` varchar(50) NOT NULL,
  `prestation` varchar(50) NOT NULL,
  `id_annee` int(11) NOT NULL,
  `id_section` int(11) NOT NULL
) ENGINE=InnoDB DEFAULT CHARSET=utf8;

-- --------------------------------------------------------

--
-- Structure de la table `log_user`
--

CREATE TABLE `log_user` (
  `id_log` int(11) NOT NULL,
  `log_action` text NOT NULL,
  `date_action` datetime NOT NULL,
  `id_user` int(11) NOT NULL
) ENGINE=InnoDB DEFAULT CHARSET=utf8mb4;

--
-- Déchargement des données de la table `log_user`
--

INSERT INTO `log_user` (`id_log`, `log_action`, `date_action`, `id_user`) VALUES
(1, 'ajout de l\'année academique.', '2022-05-25 11:20:15', 1),
(2, 'a ajouté une faculté', '2022-05-25 11:21:03', 1),
(3, 'ajout de d\'un departement.', '2022-05-25 11:21:21', 1),
(4, 'ajout de d\'un departement.', '2022-05-25 11:21:43', 1),
(5, 'ajout de d\'un departement.', '2022-05-25 11:21:57', 1),
(6, 'a ajouté une faculté', '2022-05-25 11:22:43', 1),
(7, 'ajout de d\'un departement.', '2022-05-25 11:23:36', 1),
(8, 'ajout de d\'un departement.', '2022-05-25 11:24:24', 1),
(9, 'ajout de d\'un departement.', '2022-05-25 11:25:11', 1),
(10, 'ajout de d\'un departement.', '2022-05-25 11:25:28', 1),
(11, 'ajout de d\'un departement.', '2022-05-25 11:26:22', 1),
(12, 'ajout de d\'un departement.', '2022-05-25 11:27:05', 1),
(13, 'ajout de d\'un departement.', '2022-05-25 11:27:16', 1),
(14, 'a ajouté une faculté', '2022-05-25 11:27:43', 1),
(15, 'ajout de d\'un departement.', '2022-05-25 11:28:40', 1),
(16, 'ajout de d\'un departement.', '2022-05-25 11:29:06', 1),
(17, 'ajout de d\'un departement.', '2022-05-25 11:31:19', 1),
(18, 'ajout d\'une option.', '2022-05-25 11:37:11', 1),
(19, 'ajout d\'une option.', '2022-05-25 11:37:32', 1),
(20, 'ajout d\'une option.', '2022-05-25 11:38:38', 1),
(21, 'ajout d\'une option.', '2022-05-25 11:39:41', 1),
(22, 'ajout d\'une option.', '2022-05-25 11:39:55', 1),
(23, 'ajout d\'une option.', '2022-05-25 11:40:09', 1),
(24, 'ajout d\'une option.', '2022-05-25 11:42:27', 1),
(25, 'ajout d\'une option.', '2022-05-25 11:42:44', 1),
(26, 'ajout d\'une option.', '2022-05-25 11:43:11', 1),
(27, 'ajout d\'une option.', '2022-05-25 11:47:14', 1),
(28, 'ajout d\'une option.', '2022-05-25 11:47:47', 1),
(29, 'ajout d\'une option.', '2022-05-25 11:48:06', 1),
(30, 'ajout d\'une option.', '2022-05-25 11:48:40', 1),
(31, 'ajout d\'une option.', '2022-05-25 11:49:19', 1),
(32, 'ajout d\'une option.', '2022-05-25 11:50:12', 1),
(33, 'ajout d\'une option.', '2022-05-25 11:50:37', 1),
(34, 'a mit a jour du departement,...', '2022-05-25 11:50:49', 1),
(35, 'ajout d\'une option.', '2022-05-25 11:52:41', 1),
(36, 'ajout d\'une option.', '2022-05-25 11:53:32', 1),
(37, 'ajout d\'une option.', '2022-05-25 11:54:19', 1),
(38, 'ajout d\'une option.', '2022-05-25 11:55:07', 1),
(39, 'il a uploader le fichier [ins_info.xlsx] contenant les identités des étudiants', '2022-05-25 12:22:33', 1),
(40, 'il a uploader le fichier [ins_info.xlsx] contenant les identités des étudiants', '2022-05-25 12:26:52', 1),
(41, 's\'est connecté(e) Connexion au system.', '2022-05-25 14:30:20', 1);

-- --------------------------------------------------------

--
-- Structure de la table `options`
--

CREATE TABLE `options` (
  `id_option` int(11) NOT NULL,
  `option_` varchar(50) NOT NULL,
  `promotion` varchar(10) NOT NULL,
  `code_` varchar(10) NOT NULL,
  `id_departement` int(11) NOT NULL,
  `id_section` int(11) NOT NULL,
  `id_annee` int(11) NOT NULL
) ENGINE=InnoDB DEFAULT CHARSET=utf8mb4;

--
-- Déchargement des données de la table `options`
--

INSERT INTO `options` (`id_option`, `option_`, `promotion`, `code_`, `id_departement`, `id_section`, `id_annee`) VALUES
(1, 'Electrotechnique', 'L3', 'LPTA3 ET', 13, 1, 1),
(2, 'Electrotechnique', 'L2', 'LPTA2 ET', 13, 1, 1),
(3, 'Electrotechnique', 'L1', 'LPTA1 ET', 13, 1, 1),
(7, 'Electronique Générale', 'L1', 'LPTA1 EN', 12, 3, 1),
(8, 'Electronique Générale', 'L2', 'LPTA2 EN', 12, 3, 1),
(9, 'Electronique Générale', 'L3', 'LPTA3 EN', 12, 3, 1),
(10, 'Informatique industrielle & réseau ', 'G3', 'G3 IIR', 1, 1, 1),
(11, 'Informatique industrielle', 'L1 A', 'L1 II', 1, 1, 1),
(12, 'Informatique industrielle', 'L2 A', 'L2 II', 1, 1, 1),
(13, 'Informatique de gestion', 'G2', 'G2 IG', 1, 1, 1),
(15, 'Informatique de gestion', 'G3', 'G3 IG', 1, 1, 1),
(16, 'Conception des Systemes Informatique ', 'L1 A', 'L1 CSI', 1, 1, 1),
(17, 'Conception des Systemes Informatique ', 'L2 A', 'L2 CSI', 1, 1, 1),
(18, 'Informatique industrielle', 'L1', 'LPTA1 II', 2, 1, 1),
(19, 'Informatique industrielle', 'L2', 'LPTA2 II', 2, 1, 1),
(20, 'Informatique industrielle', 'L3', 'LPTA3 II', 2, 1, 1),
(21, 'Informatique de gestion', 'L1', 'LPTA2 IG', 3, 1, 1);

-- --------------------------------------------------------

--
-- Structure de la table `payement`
--

CREATE TABLE `payement` (
  `id_payement` int(11) NOT NULL,
  `montant` float NOT NULL,
  `date_payement` datetime NOT NULL,
  `num_bordereau` varchar(100) NOT NULL,
  `matricule` varchar(20) NOT NULL,
  `id_frais` int(11) NOT NULL,
  `id_section` int(11) NOT NULL,
  `id_departement` int(11) NOT NULL,
  `id_option` int(11) NOT NULL,
  `id_annee` int(11) NOT NULL
) ENGINE=InnoDB DEFAULT CHARSET=utf8;

--
-- Déchargement des données de la table `payement`
--

INSERT INTO `payement` (`id_payement`, `montant`, `date_payement`, `num_bordereau`, `matricule`, `id_frais`, `id_section`, `id_departement`, `id_option`, `id_annee`) VALUES
(1, 10, '2022-05-25 00:00:00', 'K984-79RE', '3601', 7, 1, 1, 10, 1),
(2, 10, '2022-05-25 00:00:00', 'K984-7', '3698', 11, 1, 1, 10, 1),
(3, 15, '2022-05-25 00:00:00', 'KIJI76G', '3601', 8, 1, 1, 10, 1);

-- --------------------------------------------------------

--
-- Structure de la table `poste_depense`
--

CREATE TABLE `poste_depense` (
  `id_poste` int(11) NOT NULL,
  `poste` varchar(200) NOT NULL,
  `montant` float NOT NULL,
  `depense` float NOT NULL,
  `id_annee` int(11) NOT NULL
) ENGINE=InnoDB DEFAULT CHARSET=utf8mb4;

-- --------------------------------------------------------

--
-- Structure de la table `poste_recette`
--

CREATE TABLE `poste_recette` (
  `id_post_rec` int(11) NOT NULL,
  `poste_rec` varchar(90) NOT NULL,
  `montant` float NOT NULL,
  `id_annee` int(11) NOT NULL
) ENGINE=InnoDB DEFAULT CHARSET=utf8mb4;

-- --------------------------------------------------------

--
-- Structure de la table `prevision_frais`
--

CREATE TABLE `prevision_frais` (
  `id_frais` int(11) NOT NULL,
  `type_frais` varchar(200) NOT NULL,
  `montant` float NOT NULL,
  `promotion` varchar(10) NOT NULL,
  `id_section` int(11) DEFAULT NULL,
  `id_departement` int(11) DEFAULT NULL,
  `id_option` int(11) DEFAULT NULL,
  `id_annee` int(11) DEFAULT NULL
) ENGINE=InnoDB DEFAULT CHARSET=utf8mb4;

--
-- Déchargement des données de la table `prevision_frais`
--

INSERT INTO `prevision_frais` (`id_frais`, `type_frais`, `montant`, `promotion`, `id_section`, `id_departement`, `id_option`, `id_annee`) VALUES
(1, 'Frais de reinscription', 15, 'G3', 1, 1, 10, 1),
(2, 'Formulaire home', 20, 'G3', 1, 1, 10, 1),
(3, 'Loyer home', 80, 'G3', 1, 1, 10, 1),
(4, 'Frais d\'enrolement mi-session', 10, 'G3', 1, 1, 10, 1),
(5, 'enrolement 1er session', 10, 'G3', 1, 1, 10, 1),
(6, 'enrolement 2eme session', 10, 'G3', 1, 1, 10, 1),
(7, 'anterninement de diplome', 75, 'G3', 1, 1, 10, 1),
(8, 'stage pedagogique', 20, 'G3', 1, 1, 10, 1),
(9, 'stage indistrielle ', 20, 'G3', 1, 1, 10, 1),
(10, 'direction de tfc', 50, 'G3', 1, 1, 10, 1),
(11, 'depot tfc', 35, 'G3', 1, 1, 10, 1),
(12, 'frais de releve des cotes', 5, 'G3', 1, 1, 10, 1),
(13, 'attestatation de frequentation', 5, 'G3', 1, 1, 10, 1),
(14, 'Frais de reinscription', 15, 'L1 A', 1, 1, 11, 1),
(15, 'Formulaire home', 20, 'L1 A', 1, 1, 11, 1),
(16, 'Loyer home', 80, 'L1 A', 1, 1, 11, 1),
(17, 'Frais d\'enrolement mi-session', 10, 'L1 A', 1, 1, 11, 1),
(18, 'enrolement 1er session', 10, 'L1 A', 1, 1, 11, 1),
(19, 'enrolement 2eme session', 10, 'L1 A', 1, 1, 11, 1),
(20, 'anterninement de diplome', 75, 'L1 A', 1, 1, 11, 1),
(21, 'stage pedagogique', 20, 'L1 A', 1, 1, 11, 1),
(22, 'stage indistrielle ', 20, 'L1 A', 1, 1, 11, 1),
(23, 'direction de tfc', 50, 'L1 A', 1, 1, 11, 1),
(24, 'depot tfc', 35, 'L1 A', 1, 1, 11, 1),
(25, 'frais de releve des cotes', 5, 'L1 A', 1, 1, 11, 1),
(26, 'attestatation de frequentation', 5, 'L1 A', 1, 1, 11, 1),
(27, 'Frais de reinscription', 15, 'G2', 1, 1, 13, 1),
(28, 'Formulaire home', 20, 'G2', 1, 1, 13, 1),
(29, 'Loyer home', 80, 'G2', 1, 1, 13, 1),
(30, 'Frais d\'enrolement mi-session', 10, 'G2', 1, 1, 13, 1),
(31, 'enrolement 1er session', 10, 'G2', 1, 1, 13, 1),
(32, 'enrolement 2eme session', 10, 'G2', 1, 1, 13, 1),
(33, 'anterninement de diplome', 75, 'G2', 1, 1, 13, 1),
(34, 'stage pedagogique', 20, 'G2', 1, 1, 13, 1),
(35, 'stage indistrielle ', 20, 'G2', 1, 1, 13, 1),
(36, 'direction de tfc', 50, 'G2', 1, 1, 13, 1),
(37, 'depot tfc', 35, 'G2', 1, 1, 13, 1),
(38, 'frais de releve des cotes', 5, 'G2', 1, 1, 13, 1),
(39, 'attestatation de frequentation', 5, 'G2', 1, 1, 13, 1),
(40, 'Frais de reinscription', 15, 'G3', 1, 1, 15, 1),
(41, 'Formulaire home', 20, 'G3', 1, 1, 15, 1),
(42, 'Loyer home', 80, 'G3', 1, 1, 15, 1),
(43, 'Frais d\'enrolement mi-session', 10, 'G3', 1, 1, 15, 1),
(44, 'enrolement 1er session', 10, 'G3', 1, 1, 15, 1),
(45, 'enrolement 2eme session', 10, 'G3', 1, 1, 15, 1),
(46, 'anterninement de diplome', 75, 'G3', 1, 1, 15, 1),
(47, 'stage pedagogique', 20, 'G3', 1, 1, 15, 1),
(48, 'stage indistrielle ', 20, 'G3', 1, 1, 15, 1),
(49, 'direction de tfc', 50, 'G3', 1, 1, 15, 1),
(50, 'depot tfc', 35, 'G3', 1, 1, 15, 1),
(51, 'frais de releve des cotes', 5, 'G3', 1, 1, 15, 1),
(52, 'attestatation de frequentation', 5, 'G3', 1, 1, 15, 1),
(53, 'Frais de reinscription', 15, 'L1 A', 1, 1, 16, 1),
(54, 'Formulaire home', 20, 'L1 A', 1, 1, 16, 1),
(55, 'Loyer home', 80, 'L1 A', 1, 1, 16, 1),
(56, 'Frais d\'enrolement mi-session', 10, 'L1 A', 1, 1, 16, 1),
(57, 'enrolement 1er session', 10, 'L1 A', 1, 1, 16, 1),
(58, 'enrolement 2eme session', 10, 'L1 A', 1, 1, 16, 1),
(59, 'anterninement de diplome', 75, 'L1 A', 1, 1, 16, 1),
(60, 'stage pedagogique', 20, 'L1 A', 1, 1, 16, 1),
(61, 'stage indistrielle ', 20, 'L1 A', 1, 1, 16, 1),
(62, 'direction de tfc', 50, 'L1 A', 1, 1, 16, 1),
(63, 'depot tfc', 35, 'L1 A', 1, 1, 16, 1),
(64, 'frais de releve des cotes', 5, 'L1 A', 1, 1, 16, 1),
(65, 'attestatation de frequentation', 5, 'L1 A', 1, 1, 16, 1),
(66, 'Frais de reinscription', 15, 'L2 A', 1, 1, 17, 1),
(67, 'Formulaire home', 20, 'L2 A', 1, 1, 17, 1),
(68, 'Loyer home', 80, 'L2 A', 1, 1, 17, 1),
(69, 'Frais d\'enrolement mi-session', 10, 'L2 A', 1, 1, 17, 1),
(70, 'enrolement 1er session', 10, 'L2 A', 1, 1, 17, 1),
(71, 'enrolement 2eme session', 10, 'L2 A', 1, 1, 17, 1),
(72, 'anterninement de diplome', 75, 'L2 A', 1, 1, 17, 1),
(73, 'stage pedagogique', 20, 'L2 A', 1, 1, 17, 1),
(74, 'stage indistrielle ', 20, 'L2 A', 1, 1, 17, 1),
(75, 'direction de tfc', 50, 'L2 A', 1, 1, 17, 1),
(76, 'depot tfc', 35, 'L2 A', 1, 1, 17, 1),
(77, 'frais de releve des cotes', 5, 'L2 A', 1, 1, 17, 1),
(78, 'attestatation de frequentation', 5, 'L2 A', 1, 1, 17, 1),
(79, 'Frais de reinscription', 15, 'L1', 1, 2, 18, 1),
(80, 'Formulaire home', 20, 'L1', 1, 2, 18, 1),
(81, 'Loyer home', 80, 'L1', 1, 2, 18, 1),
(82, 'Frais d\'enrolement mi-session', 10, 'L1', 1, 2, 18, 1),
(83, 'enrolement 1er session', 10, 'L1', 1, 2, 18, 1),
(84, 'enrolement 2eme session', 10, 'L1', 1, 2, 18, 1),
(85, 'anterninement de diplome', 75, 'L1', 1, 2, 18, 1),
(86, 'stage pedagogique', 20, 'L1', 1, 2, 18, 1),
(87, 'stage indistrielle ', 20, 'L1', 1, 2, 18, 1),
(88, 'direction de tfc', 50, 'L1', 1, 2, 18, 1),
(89, 'depot tfc', 35, 'L1', 1, 2, 18, 1),
(90, 'frais de releve des cotes', 5, 'L1', 1, 2, 18, 1),
(91, 'attestatation de frequentation', 5, 'L1', 1, 2, 18, 1),
(92, 'Frais de reinscription', 15, 'L2', 1, 2, 19, 1),
(93, 'Formulaire home', 20, 'L2', 1, 2, 19, 1),
(94, 'Loyer home', 80, 'L2', 1, 2, 19, 1),
(95, 'Frais d\'enrolement mi-session', 10, 'L2', 1, 2, 19, 1),
(96, 'enrolement 1er session', 10, 'L2', 1, 2, 19, 1),
(97, 'enrolement 2eme session', 10, 'L2', 1, 2, 19, 1),
(98, 'anterninement de diplome', 75, 'L2', 1, 2, 19, 1),
(99, 'stage pedagogique', 20, 'L2', 1, 2, 19, 1),
(100, 'stage indistrielle ', 20, 'L2', 1, 2, 19, 1),
(101, 'direction de tfc', 50, 'L2', 1, 2, 19, 1),
(102, 'depot tfc', 35, 'L2', 1, 2, 19, 1),
(103, 'frais de releve des cotes', 5, 'L2', 1, 2, 19, 1),
(104, 'attestatation de frequentation', 5, 'L2', 1, 2, 19, 1),
(105, 'Frais de reinscription', 15, 'L3', 1, 2, 20, 1),
(106, 'Formulaire home', 20, 'L3', 1, 2, 20, 1),
(107, 'Loyer home', 80, 'L3', 1, 2, 20, 1),
(108, 'Frais d\'enrolement mi-session', 10, 'L3', 1, 2, 20, 1),
(109, 'enrolement 1er session', 10, 'L3', 1, 2, 20, 1),
(110, 'enrolement 2eme session', 10, 'L3', 1, 2, 20, 1),
(111, 'anterninement de diplome', 75, 'L3', 1, 2, 20, 1),
(112, 'stage pedagogique', 20, 'L3', 1, 2, 20, 1),
(113, 'stage indistrielle ', 20, 'L3', 1, 2, 20, 1),
(114, 'direction de tfc', 50, 'L3', 1, 2, 20, 1),
(115, 'depot tfc', 35, 'L3', 1, 2, 20, 1),
(116, 'frais de releve des cotes', 5, 'L3', 1, 2, 20, 1),
(117, 'attestatation de frequentation', 5, 'L3', 1, 2, 20, 1),
(118, 'Frais de reinscription', 15, 'L1', 3, 12, 7, 1),
(119, 'Formulaire home', 20, 'L1', 3, 12, 7, 1),
(120, 'Loyer home', 80, 'L1', 3, 12, 7, 1),
(121, 'Frais d\'enrolement mi-session', 10, 'L1', 3, 12, 7, 1),
(122, 'enrolement 1er session', 10, 'L1', 3, 12, 7, 1),
(123, 'enrolement 2eme session', 10, 'L1', 3, 12, 7, 1),
(124, 'anterninement de diplome', 75, 'L1', 3, 12, 7, 1),
(125, 'stage pedagogique', 20, 'L1', 3, 12, 7, 1),
(126, 'stage indistrielle ', 20, 'L1', 3, 12, 7, 1),
(127, 'direction de tfc', 50, 'L1', 3, 12, 7, 1),
(128, 'depot tfc', 35, 'L1', 3, 12, 7, 1),
(129, 'frais de releve des cotes', 5, 'L1', 3, 12, 7, 1),
(130, 'attestatation de frequentation', 5, 'L1', 3, 12, 7, 1),
(131, 'Frais de reinscription', 15, 'L2', 3, 12, 8, 1),
(132, 'Formulaire home', 20, 'L2', 3, 12, 8, 1),
(133, 'Loyer home', 80, 'L2', 3, 12, 8, 1),
(134, 'Frais d\'enrolement mi-session', 10, 'L2', 3, 12, 8, 1),
(135, 'enrolement 1er session', 10, 'L2', 3, 12, 8, 1),
(136, 'enrolement 2eme session', 10, 'L2', 3, 12, 8, 1),
(137, 'anterninement de diplome', 75, 'L2', 3, 12, 8, 1),
(138, 'stage pedagogique', 20, 'L2', 3, 12, 8, 1),
(139, 'stage indistrielle ', 20, 'L2', 3, 12, 8, 1),
(140, 'direction de tfc', 50, 'L2', 3, 12, 8, 1),
(141, 'depot tfc', 35, 'L2', 3, 12, 8, 1),
(142, 'frais de releve des cotes', 5, 'L2', 3, 12, 8, 1),
(143, 'attestatation de frequentation', 5, 'L2', 3, 12, 8, 1),
(144, 'Frais de reinscription', 15, 'L3', 3, 12, 9, 1),
(145, 'Formulaire home', 20, 'L3', 3, 12, 9, 1),
(146, 'Loyer home', 80, 'L3', 3, 12, 9, 1),
(147, 'Frais d\'enrolement mi-session', 10, 'L3', 3, 12, 9, 1),
(148, 'enrolement 1er session', 10, 'L3', 3, 12, 9, 1),
(149, 'enrolement 2eme session', 10, 'L3', 3, 12, 9, 1),
(150, 'anterninement de diplome', 75, 'L3', 3, 12, 9, 1),
(151, 'stage pedagogique', 20, 'L3', 3, 12, 9, 1),
(152, 'stage indistrielle ', 20, 'L3', 3, 12, 9, 1),
(153, 'direction de tfc', 50, 'L3', 3, 12, 9, 1),
(154, 'depot tfc', 35, 'L3', 3, 12, 9, 1),
(155, 'frais de releve des cotes', 5, 'L3', 3, 12, 9, 1),
(156, 'attestatation de frequentation', 5, 'L3', 3, 12, 9, 1);

-- --------------------------------------------------------

--
-- Structure de la table `sections`
--

CREATE TABLE `sections` (
  `id_section` int(11) NOT NULL,
  `section` varchar(200) NOT NULL,
  `id_annee` int(11) NOT NULL
) ENGINE=InnoDB DEFAULT CHARSET=utf8mb4;

--
-- Déchargement des données de la table `sections`
--

INSERT INTO `sections` (`id_section`, `section`, `id_annee`) VALUES
(1, 'SECTION INFORMATIQUE', 1),
(2, 'SECTION MÉCANIQUE', 1),
(3, 'SECTION ELECTRICITÉ ', 1);

-- --------------------------------------------------------

--
-- Structure de la table `transaction_depense`
--

CREATE TABLE `transaction_depense` (
  `id_transaction` int(11) NOT NULL,
  `montant` float NOT NULL,
  `date_motif` date NOT NULL,
  `motif` varchar(200) NOT NULL,
  `id_poste` int(11) NOT NULL,
  `id_annee` int(11) NOT NULL,
  `num_op` varchar(100) NOT NULL
) ENGINE=InnoDB DEFAULT CHARSET=utf8mb4;

-- --------------------------------------------------------

--
-- Structure de la table `transaction_pdf`
--

CREATE TABLE `transaction_pdf` (
  `id_transaction` int(11) NOT NULL,
  `montant` float NOT NULL,
  `motif` varchar(255) NOT NULL,
  `date_transaction` date NOT NULL,
  `id_pdf` int(11) NOT NULL,
  `id_section` int(11) NOT NULL,
  `id_annee` int(11) NOT NULL
) ENGINE=InnoDB DEFAULT CHARSET=utf8;

-- --------------------------------------------------------

--
-- Structure de la table `utilisateurs`
--

CREATE TABLE `utilisateurs` (
  `id_user` int(11) NOT NULL,
  `noms` varchar(30) NOT NULL,
  `email` varchar(50) NOT NULL,
  `access` varchar(20) NOT NULL,
  `fonction` varchar(20) NOT NULL,
  `profil` varchar(200) NOT NULL,
  `pwd` text NOT NULL
) ENGINE=InnoDB DEFAULT CHARSET=utf8mb4;

--
-- Déchargement des données de la table `utilisateurs`
--

INSERT INTO `utilisateurs` (`id_user`, `noms`, `email`, `access`, `fonction`, `profil`, `pwd`) VALUES
(1, 'Micah', 'admin@gmail.com', 'Admin', 'Admin', 'img/undraw_profile.svg', 'fd112246381fb0d13223d0c71097a0cbedf0c2c1');

--
-- Index pour les tables déchargées
--

--
-- Index pour la table `affectation_frais`
--
ALTER TABLE `affectation_frais`
  ADD PRIMARY KEY (`id`),
  ADD KEY `id_frais` (`id_frais`),
  ADD KEY `id_annee` (`id_annee`);

--
-- Index pour la table `annee_acad`
--
ALTER TABLE `annee_acad`
  ADD PRIMARY KEY (`id_annee`),
  ADD UNIQUE KEY `annee_acad` (`annee_acad`);

--
-- Index pour la table `departement`
--
ALTER TABLE `departement`
  ADD PRIMARY KEY (`id_departement`),
  ADD KEY `id_section` (`id_section`),
  ADD KEY `id_annee` (`id_annee`);

--
-- Index pour la table `depense_facultaire`
--
ALTER TABLE `depense_facultaire`
  ADD PRIMARY KEY (`id_pdf`),
  ADD KEY `id_section` (`id_section`),
  ADD KEY `id_annee` (`id_annee`);

--
-- Index pour la table `etudiants_inscrits`
--
ALTER TABLE `etudiants_inscrits`
  ADD PRIMARY KEY (`id`),
  ADD KEY `id_annee` (`id_annee`),
  ADD KEY `promotion` (`promotion`),
  ADD KEY `matricule` (`matricule`);

--
-- Index pour la table `gestion_cheque`
--
ALTER TABLE `gestion_cheque`
  ADD PRIMARY KEY (`id`);

--
-- Index pour la table `gest_honoraire`
--
ALTER TABLE `gest_honoraire`
  ADD PRIMARY KEY (`id`),
  ADD KEY `id_annee` (`id_annee`),
  ADD KEY `id_section` (`id_section`);

--
-- Index pour la table `log_user`
--
ALTER TABLE `log_user`
  ADD PRIMARY KEY (`id_log`),
  ADD KEY `id_user` (`id_user`);

--
-- Index pour la table `options`
--
ALTER TABLE `options`
  ADD PRIMARY KEY (`id_option`),
  ADD UNIQUE KEY `code_` (`code_`),
  ADD KEY `id_departement` (`id_departement`),
  ADD KEY `id_section` (`id_section`),
  ADD KEY `id_annee` (`id_annee`),
  ADD KEY `promotion` (`promotion`);

--
-- Index pour la table `payement`
--
ALTER TABLE `payement`
  ADD PRIMARY KEY (`id_payement`),
  ADD UNIQUE KEY `num_bordereau` (`num_bordereau`),
  ADD KEY `id_frais` (`id_frais`),
  ADD KEY `id_annee` (`id_annee`),
  ADD KEY `id_section` (`id_section`),
  ADD KEY `id_departement` (`id_departement`),
  ADD KEY `id_option` (`id_option`);

--
-- Index pour la table `poste_depense`
--
ALTER TABLE `poste_depense`
  ADD PRIMARY KEY (`id_poste`),
  ADD KEY `id_annee` (`id_annee`);

--
-- Index pour la table `poste_recette`
--
ALTER TABLE `poste_recette`
  ADD PRIMARY KEY (`id_post_rec`),
  ADD KEY `id_annee` (`id_annee`);

--
-- Index pour la table `prevision_frais`
--
ALTER TABLE `prevision_frais`
  ADD PRIMARY KEY (`id_frais`),
  ADD KEY `id_option` (`id_option`),
  ADD KEY `id_section` (`id_section`),
  ADD KEY `id_departement` (`id_departement`),
  ADD KEY `id_annee` (`id_annee`);

--
-- Index pour la table `sections`
--
ALTER TABLE `sections`
  ADD PRIMARY KEY (`id_section`),
  ADD KEY `id_annee` (`id_annee`);

--
-- Index pour la table `transaction_depense`
--
ALTER TABLE `transaction_depense`
  ADD PRIMARY KEY (`id_transaction`),
  ADD KEY `id_poste` (`id_poste`),
  ADD KEY `id_annee` (`id_annee`);

--
-- Index pour la table `transaction_pdf`
--
ALTER TABLE `transaction_pdf`
  ADD PRIMARY KEY (`id_transaction`),
  ADD KEY `id_pdf` (`id_pdf`),
  ADD KEY `id_section` (`id_section`),
  ADD KEY `id_annee` (`id_annee`);

--
-- Index pour la table `utilisateurs`
--
ALTER TABLE `utilisateurs`
  ADD PRIMARY KEY (`id_user`),
  ADD UNIQUE KEY `mail` (`email`);

--
-- AUTO_INCREMENT pour les tables déchargées
--

--
-- AUTO_INCREMENT pour la table `affectation_frais`
--
ALTER TABLE `affectation_frais`
  MODIFY `id` int(11) NOT NULL AUTO_INCREMENT, AUTO_INCREMENT=677;

--
-- AUTO_INCREMENT pour la table `annee_acad`
--
ALTER TABLE `annee_acad`
  MODIFY `id_annee` int(11) NOT NULL AUTO_INCREMENT, AUTO_INCREMENT=2;

--
-- AUTO_INCREMENT pour la table `departement`
--
ALTER TABLE `departement`
  MODIFY `id_departement` int(11) NOT NULL AUTO_INCREMENT, AUTO_INCREMENT=14;

--
-- AUTO_INCREMENT pour la table `depense_facultaire`
--
ALTER TABLE `depense_facultaire`
  MODIFY `id_pdf` int(11) NOT NULL AUTO_INCREMENT;

--
-- AUTO_INCREMENT pour la table `etudiants_inscrits`
--
ALTER TABLE `etudiants_inscrits`
  MODIFY `id` int(11) NOT NULL AUTO_INCREMENT, AUTO_INCREMENT=87;

--
-- AUTO_INCREMENT pour la table `gestion_cheque`
--
ALTER TABLE `gestion_cheque`
  MODIFY `id` int(11) NOT NULL AUTO_INCREMENT;

--
-- AUTO_INCREMENT pour la table `gest_honoraire`
--
ALTER TABLE `gest_honoraire`
  MODIFY `id` int(11) NOT NULL AUTO_INCREMENT;

--
-- AUTO_INCREMENT pour la table `log_user`
--
ALTER TABLE `log_user`
  MODIFY `id_log` int(11) NOT NULL AUTO_INCREMENT, AUTO_INCREMENT=42;

--
-- AUTO_INCREMENT pour la table `options`
--
ALTER TABLE `options`
  MODIFY `id_option` int(11) NOT NULL AUTO_INCREMENT, AUTO_INCREMENT=22;

--
-- AUTO_INCREMENT pour la table `payement`
--
ALTER TABLE `payement`
  MODIFY `id_payement` int(11) NOT NULL AUTO_INCREMENT, AUTO_INCREMENT=4;

--
-- AUTO_INCREMENT pour la table `poste_depense`
--
ALTER TABLE `poste_depense`
  MODIFY `id_poste` int(11) NOT NULL AUTO_INCREMENT;

--
-- AUTO_INCREMENT pour la table `poste_recette`
--
ALTER TABLE `poste_recette`
  MODIFY `id_post_rec` int(11) NOT NULL AUTO_INCREMENT;

--
-- AUTO_INCREMENT pour la table `prevision_frais`
--
ALTER TABLE `prevision_frais`
  MODIFY `id_frais` int(11) NOT NULL AUTO_INCREMENT, AUTO_INCREMENT=157;

--
-- AUTO_INCREMENT pour la table `sections`
--
ALTER TABLE `sections`
  MODIFY `id_section` int(11) NOT NULL AUTO_INCREMENT, AUTO_INCREMENT=4;

--
-- AUTO_INCREMENT pour la table `transaction_depense`
--
ALTER TABLE `transaction_depense`
  MODIFY `id_transaction` int(11) NOT NULL AUTO_INCREMENT;

--
-- AUTO_INCREMENT pour la table `transaction_pdf`
--
ALTER TABLE `transaction_pdf`
  MODIFY `id_transaction` int(11) NOT NULL AUTO_INCREMENT;

--
-- AUTO_INCREMENT pour la table `utilisateurs`
--
ALTER TABLE `utilisateurs`
  MODIFY `id_user` int(11) NOT NULL AUTO_INCREMENT, AUTO_INCREMENT=42;

--
-- Contraintes pour les tables déchargées
--

--
-- Contraintes pour la table `affectation_frais`
--
ALTER TABLE `affectation_frais`
  ADD CONSTRAINT `affectation_frais_ibfk_1` FOREIGN KEY (`id_frais`) REFERENCES `prevision_frais` (`id_frais`) ON DELETE CASCADE ON UPDATE CASCADE,
  ADD CONSTRAINT `affectation_frais_ibfk_2` FOREIGN KEY (`id_annee`) REFERENCES `annee_acad` (`id_annee`) ON DELETE CASCADE ON UPDATE CASCADE;

--
-- Contraintes pour la table `departement`
--
ALTER TABLE `departement`
  ADD CONSTRAINT `departement_ibfk_1` FOREIGN KEY (`id_section`) REFERENCES `sections` (`id_section`) ON DELETE CASCADE ON UPDATE CASCADE,
  ADD CONSTRAINT `departement_ibfk_2` FOREIGN KEY (`id_annee`) REFERENCES `annee_acad` (`id_annee`) ON DELETE CASCADE ON UPDATE CASCADE;

--
-- Contraintes pour la table `depense_facultaire`
--
ALTER TABLE `depense_facultaire`
  ADD CONSTRAINT `depense_facultaire_ibfk_1` FOREIGN KEY (`id_section`) REFERENCES `sections` (`id_section`) ON DELETE CASCADE ON UPDATE CASCADE,
  ADD CONSTRAINT `depense_facultaire_ibfk_2` FOREIGN KEY (`id_annee`) REFERENCES `annee_acad` (`id_annee`) ON DELETE CASCADE ON UPDATE CASCADE;

--
-- Contraintes pour la table `etudiants_inscrits`
--
ALTER TABLE `etudiants_inscrits`
  ADD CONSTRAINT `etudiants_inscrits_ibfk_1` FOREIGN KEY (`id_annee`) REFERENCES `annee_acad` (`id_annee`) ON DELETE CASCADE,
  ADD CONSTRAINT `etudiants_inscrits_ibfk_2` FOREIGN KEY (`promotion`) REFERENCES `options` (`promotion`) ON UPDATE CASCADE;

--
-- Contraintes pour la table `gest_honoraire`
--
ALTER TABLE `gest_honoraire`
  ADD CONSTRAINT `gest_honoraire_ibfk_1` FOREIGN KEY (`id_annee`) REFERENCES `annee_acad` (`id_annee`) ON DELETE CASCADE ON UPDATE CASCADE,
  ADD CONSTRAINT `gest_honoraire_ibfk_2` FOREIGN KEY (`id_section`) REFERENCES `sections` (`id_section`) ON DELETE CASCADE ON UPDATE CASCADE;

--
-- Contraintes pour la table `log_user`
--
ALTER TABLE `log_user`
  ADD CONSTRAINT `log_user_ibfk_1` FOREIGN KEY (`id_user`) REFERENCES `utilisateurs` (`id_user`) ON DELETE CASCADE ON UPDATE CASCADE;

--
-- Contraintes pour la table `options`
--
ALTER TABLE `options`
  ADD CONSTRAINT `options_ibfk_1` FOREIGN KEY (`id_departement`) REFERENCES `departement` (`id_departement`) ON DELETE CASCADE ON UPDATE CASCADE,
  ADD CONSTRAINT `options_ibfk_2` FOREIGN KEY (`id_section`) REFERENCES `sections` (`id_section`) ON DELETE CASCADE ON UPDATE CASCADE,
  ADD CONSTRAINT `options_ibfk_3` FOREIGN KEY (`id_annee`) REFERENCES `annee_acad` (`id_annee`) ON DELETE CASCADE ON UPDATE CASCADE;

--
-- Contraintes pour la table `payement`
--
ALTER TABLE `payement`
  ADD CONSTRAINT `payement_ibfk_1` FOREIGN KEY (`id_frais`) REFERENCES `affectation_frais` (`id_frais`) ON UPDATE CASCADE,
  ADD CONSTRAINT `payement_ibfk_2` FOREIGN KEY (`id_annee`) REFERENCES `annee_acad` (`id_annee`) ON UPDATE CASCADE,
  ADD CONSTRAINT `payement_ibfk_3` FOREIGN KEY (`id_section`) REFERENCES `sections` (`id_section`) ON UPDATE CASCADE,
  ADD CONSTRAINT `payement_ibfk_4` FOREIGN KEY (`id_departement`) REFERENCES `departement` (`id_departement`) ON UPDATE CASCADE,
  ADD CONSTRAINT `payement_ibfk_5` FOREIGN KEY (`id_option`) REFERENCES `options` (`id_option`) ON UPDATE CASCADE;

--
-- Contraintes pour la table `poste_depense`
--
ALTER TABLE `poste_depense`
  ADD CONSTRAINT `poste_depense_ibfk_1` FOREIGN KEY (`id_annee`) REFERENCES `annee_acad` (`id_annee`) ON DELETE CASCADE ON UPDATE CASCADE;

--
-- Contraintes pour la table `poste_recette`
--
ALTER TABLE `poste_recette`
  ADD CONSTRAINT `poste_recette_ibfk_1` FOREIGN KEY (`id_annee`) REFERENCES `annee_acad` (`id_annee`) ON DELETE CASCADE ON UPDATE CASCADE;

--
-- Contraintes pour la table `prevision_frais`
--
ALTER TABLE `prevision_frais`
  ADD CONSTRAINT `prevision_frais_ibfk_1` FOREIGN KEY (`id_option`) REFERENCES `options` (`id_option`) ON DELETE CASCADE ON UPDATE CASCADE,
  ADD CONSTRAINT `prevision_frais_ibfk_2` FOREIGN KEY (`id_section`) REFERENCES `sections` (`id_section`) ON DELETE CASCADE ON UPDATE CASCADE,
  ADD CONSTRAINT `prevision_frais_ibfk_3` FOREIGN KEY (`id_departement`) REFERENCES `departement` (`id_departement`) ON DELETE CASCADE ON UPDATE CASCADE,
  ADD CONSTRAINT `prevision_frais_ibfk_4` FOREIGN KEY (`id_annee`) REFERENCES `annee_acad` (`id_annee`) ON DELETE CASCADE ON UPDATE CASCADE;

--
-- Contraintes pour la table `sections`
--
ALTER TABLE `sections`
  ADD CONSTRAINT `sections_ibfk_1` FOREIGN KEY (`id_annee`) REFERENCES `annee_acad` (`id_annee`) ON DELETE CASCADE ON UPDATE CASCADE;

--
-- Contraintes pour la table `transaction_depense`
--
ALTER TABLE `transaction_depense`
  ADD CONSTRAINT `transaction_depense_ibfk_1` FOREIGN KEY (`id_poste`) REFERENCES `poste_depense` (`id_poste`) ON DELETE CASCADE ON UPDATE CASCADE,
  ADD CONSTRAINT `transaction_depense_ibfk_2` FOREIGN KEY (`id_annee`) REFERENCES `annee_acad` (`id_annee`) ON DELETE CASCADE ON UPDATE CASCADE;

--
-- Contraintes pour la table `transaction_pdf`
--
ALTER TABLE `transaction_pdf`
  ADD CONSTRAINT `transaction_pdf_ibfk_1` FOREIGN KEY (`id_pdf`) REFERENCES `depense_facultaire` (`id_pdf`) ON DELETE CASCADE ON UPDATE CASCADE,
  ADD CONSTRAINT `transaction_pdf_ibfk_2` FOREIGN KEY (`id_section`) REFERENCES `sections` (`id_section`) ON DELETE CASCADE ON UPDATE CASCADE,
  ADD CONSTRAINT `transaction_pdf_ibfk_3` FOREIGN KEY (`id_annee`) REFERENCES `annee_acad` (`id_annee`) ON DELETE CASCADE ON UPDATE CASCADE;
COMMIT;

/*!40101 SET CHARACTER_SET_CLIENT=@OLD_CHARACTER_SET_CLIENT */;
/*!40101 SET CHARACTER_SET_RESULTS=@OLD_CHARACTER_SET_RESULTS */;
/*!40101 SET COLLATION_CONNECTION=@OLD_COLLATION_CONNECTION */;
